Date,Operation,Amount,Cryptocurrency,FIAT value,FIAT currency,Transaction ID,Withdrawal address,Reference
"2021-03-03T21:18:38+01:00","Staking reward","0.14810023","DFI","0.48502825325","USD","","","3c74c5ba-48f3-45ae-b522-1fe2dc02285d"
"2021-03-03T18:09:45+01:00","Staking reward","0.13958683","DFI","0.4620365949049","USD","","","ccaefe07-92f2-43c5-9a00-a74e1c441a6c"
"2021-03-03T15:00:54+01:00","Staking reward","0.13357688","DFI","0.4501059979232","USD","","","836aeed8-28e7-4a27-863f-5a0518f4f7a5"
"2021-03-03T11:52:39+01:00","Staking reward","0.16258307","DFI","0.5398814713955","USD","","","e256133a-9597-4e78-8042-9673b0d3e588"
"2021-03-03T08:43:31+01:00","Staking reward","0.14756631","DFI","0.4913854826583","USD","","","2ba77b8f-d872-4d67-b448-918b9680797c"
"2021-03-03T05:34:59+01:00","Staking reward","0.14105607","DFI","0.460223639589","USD","","","7037c2b4-86e3-4ee5-bba5-172d6196d38d"
"2021-03-03T02:26:30+01:00","Staking reward","0.27608173","DFI","0.8873128761335","USD","","","3faf5e4d-7fc7-43b7-ac7e-88ac4619f787"
"2021-03-02T23:18:08+01:00","Staking reward","0.28405574","DFI","0.9061378106","USD","","","5aab815c-5d9d-43e6-b1c0-e3093019ba00"
"2021-03-02T20:09:42+01:00","Staking reward","0.27202533","DFI","0.8653833013158","USD","","","ed647756-73da-4a3d-a7d2-40ea4f5278de"
"2021-03-02T17:01:19+01:00","Staking reward","0.27799647","DFI","0.8961661004802","USD","","","8ea1d540-5911-48f3-9d83-658121c5c6f3"
"2021-03-02T13:52:43+01:00","Staking reward","0.29196318","DFI","0.9412250604204","USD","","","1c209639-d327-421f-b7fb-7ecb26fd1bde"
"2021-03-02T10:44:03+01:00","Staking reward","0.29792992","DFI","0.972100639472","USD","","","cd352e94-2e88-4956-b68f-6acc94094b6d"
"2021-03-02T07:35:17+01:00","Staking reward","0.27490299","DFI","0.8807919289899","USD","","","4bb792b7-f8d4-4c86-97a7-a6cc18d53916"
"2021-03-02T04:26:33+01:00","Staking reward","0.31085421","DFI","1.0112553732615","USD","","","0f2ff1c1-749e-4c1d-bc76-8f26afe8215d"
"2021-03-02T01:18:00+01:00","Staking reward","0.30382444","DFI","0.990482865622","USD","","","6854cec4-7329-43a6-b8b6-c268e1c8f19d"
"2021-03-01T22:09:57+01:00","Staking reward","0.28280726","DFI","0.9034221359248","USD","","","0c98b549-a244-467c-af5f-c6bd06d9d2df"
"2021-03-01T21:18:40+01:00","Withdrawal","-34.8","DFI","-110.6988","USD","7b00403f2221d6b3a4e6e50a36ba82e70b42a6579be119e095764ea9a19d97e1","dFv3gWug5n1QCAodXDUjdFEKpbQkeD2Dwa","2c4e39d9-ec8a-44d3-b37c-b0e756aacac4"
"2021-03-01T21:18:40+01:00","Withdrawal fee","-0.2","DFI","-0.6362","USD","","","caeb0618-7a8b-4cfe-a50a-e4752d31815e"
"2021-03-01T19:00:59+01:00","Staking reward","0.32297221","DFI","1.0348933930588","USD","","","0e4890a4-07b1-4058-8d84-fcc21c7838ca"
"2021-03-01T15:52:37+01:00","Staking reward","0.30572551","DFI","0.9577371334117","USD","","","afae67fd-b4b2-4fd0-bf0b-5643beb9eb2a"
"2021-03-01T12:44:15+01:00","Staking reward","0.30265458","DFI","0.9412557438","USD","","","ce537cc6-b709-42ed-bb22-729960dee4c4"
"2021-03-01T09:35:54+01:00","Staking reward","0.30363091","DFI","0.925618829135","USD","","","bc73b0f8-0397-47ae-b345-df0b16e4d9e8"
"2021-03-01T06:27:32+01:00","Staking reward","0.3005601","DFI","0.903835315917","USD","","","265c130a-16ce-484a-943d-d73893d23ef5"
"2021-03-01T03:19:16+01:00","Staking reward","0.27320805","DFI","0.802013159097","USD","","","782988b2-6707-4f2b-94c7-e2aba5b63b1a"
"2021-03-01T00:10:54+01:00","Staking reward","0.3217422","DFI","0.947530779","USD","","","26819cb8-5e3d-4cf5-aefe-30909295d9bf"
"2021-02-28T21:02:35+01:00","Staking reward","0.29641572","DFI","0.8516408976036","USD","","","8a806367-0f3b-4802-aff6-d94e9a26b10f"
"2021-02-28T17:53:32+01:00","Staking reward","0.27817678","DFI","0.7968457316134","USD","","","27afa26e-b292-4175-82bf-b943de020d13"
"2021-02-28T14:44:57+01:00","Staking reward","0.29736223","DFI","0.8806828484795","USD","","","01612e71-36e3-46da-bec4-944e36031188"
"2021-02-28T11:36:12+01:00","Staking reward","0.31148755","DFI","0.9273700784865","USD","","","d1011a0e-ed72-49c8-a085-2663256a2058"
"2021-02-28T08:27:58+01:00","Staking reward","0.29527035","DFI","0.8522240476875","USD","","","c8007c1c-eb5b-4cd0-b773-8cef80190d85"
"2021-02-28T05:19:40+01:00","Staking reward","0.30433624","DFI","0.905400314","USD","","","77852183-3ee8-4d9c-96fc-c6ec7eb78922"
"2021-02-28T02:11:31+01:00","Staking reward","0.32451782","DFI","0.9893120453392","USD","","","ed1b4756-6fbe-4f67-8b3e-08b79e7e99b3"
"2021-02-27T23:03:19+01:00","Staking reward","0.29516913","DFI","0.915024303","USD","","","91b668f7-4ebc-4a1b-9987-052d7edea410"
"2021-02-27T19:55:05+01:00","Staking reward","0.29513787","DFI","0.9326356692","USD","","","d09b1b16-3fd1-4640-a97c-16f3d30d4bde"
"2021-02-27T16:46:33+01:00","Staking reward","0.32340009","DFI","1.0090082808","USD","","","e6a75a8f-af6f-4349-b973-fd6df31dd525"
"2021-02-27T13:38:06+01:00","Staking reward","0.29304871","DFI","0.9181245389171","USD","","","4d1b50fd-f553-44db-be00-4ed04100bca6"
"2021-02-27T10:29:16+01:00","Staking reward","0.28190148","DFI","0.871244714088","USD","","","2544bed4-54ca-4fff-8e12-003d7a0733ab"
"2021-02-27T07:21:04+01:00","Staking reward","0.26469762","DFI","0.846489753879","USD","","","d07bcda6-d1e1-4654-b8b4-684e7fcdb2a2"
"2021-02-27T04:12:45+01:00","Staking reward","0.30507441","DFI","0.9667625008254","USD","","","548a2ce8-9129-4cfa-971c-9a95eefc7581"
"2021-02-27T01:04:33+01:00","Staking reward","0.32826732","DFI","1.0072324659756","USD","","","28b13f23-10ba-4516-8b56-82d1cfeb067e"
"2021-02-26T21:56:16+01:00","Staking reward","0.26158","DFI","0.819569377","USD","","","84930d2b-09da-4423-a4f2-8c0285ae1a3d"
"2021-02-26T18:47:54+01:00","Staking reward","0.27165308","DFI","0.875918191152","USD","","","3da16f4f-b8bb-4bee-9f88-f76ef62a111f"
"2021-02-26T15:39:06+01:00","Staking reward","0.31504099","DFI","0.9870895802779","USD","","","1c269ad3-2494-43e8-8f4b-3cd5a2862c73"
"2021-02-26T12:30:20+01:00","Staking reward","0.29885195","DFI","0.9174754865","USD","","","6b491b80-247f-48fe-a506-0b29b9705250"
"2021-02-26T09:21:56+01:00","Staking reward","0.31092838","DFI","0.9209356594382","USD","","","40ce6cce-9e06-4bde-91a3-3da49cbc5593"
"2021-02-26T06:13:51+01:00","Staking reward","0.31391884","DFI","0.975440011532","USD","","","7997a78c-f8a9-4890-84d3-b451ecb906a0"
"2021-02-26T03:05:44+01:00","Staking reward","0.31388548","DFI","0.9663246998732","USD","","","0e7480b6-51b1-4ff2-ab14-8ec420ed92c3"
"2021-02-25T23:57:43+01:00","Staking reward","0.29770817","DFI","0.8603766113","USD","","","8cdfabcc-22de-4a89-bb1f-afdc2edf8be2"
"2021-02-25T20:49:54+01:00","Staking reward","0.33298399","DFI","1.0584728582125","USD","","","0f6b1151-490e-4741-b0a5-0bb984d7b912"
"2021-02-25T17:40:51+01:00","Staking reward","0.31377517","DFI","1.0565312014172","USD","","","402325a4-a2f9-4a2d-85cb-d0e7385a3a1d"
"2021-02-25T14:32:17+01:00","Staking reward","0.07263979","DFI","0.2574375949537","USD","","","946103b0-e06d-41b9-a94f-70bc86c07278"
"2021-02-25T13:47:39+01:00","Staking reward","0.30666629","DFI","1.0702653521","USD","","","cb98e4cc-541d-4a6c-a138-71ebb1d23f21"
"2021-02-25T10:39:06+01:00","Staking reward","0.32881913","DFI","1.1290432293419","USD","","","da65e5e2-f7a6-41c2-a8c4-a9c71b749b1f"
"2021-02-25T07:30:22+01:00","Staking reward","0.30255751","DFI","1.0468762147759","USD","","","d71e9e1b-5fd8-4837-a543-47e51552f8dd"
"2021-02-25T04:22:18+01:00","Staking reward","0.26420723","DFI","0.9152693282383","USD","","","a1af6bf6-bf9c-4665-bed4-dbbba74e66f2"
"2021-02-25T01:14:11+01:00","Staking reward","0.30249449","DFI","1.0375470258653","USD","","","cbef48dc-fbbc-48c2-9df1-cb310bb69afb"
"2021-02-24T22:06:02+01:00","Staking reward","0.31355109","DFI","1.0526662613916","USD","","","27134c4c-cc15-4c8b-91b3-163029c79a96"
"2021-02-24T18:57:43+01:00","Staking reward","0.29133795","DFI","1.0033941202155","USD","","","9020f182-6765-45f4-a8b7-e7b6a277c258"
"2021-02-24T15:36:25+01:00","Staking reward","0.01612917","DFI","0.0559127355552","USD","","","8c9fc30d-f227-45bf-a6ea-2d10324870d7"
"2021-02-24T13:26:29+01:00","Staking reward","0.28828216","DFI","1.0186651921112","USD","","","223507a7-624e-4536-b091-4b19fcb836ba"
"2021-02-24T10:18:11+01:00","Staking reward","0.29832698","DFI","1.0556419518092","USD","","","61734e47-6207-4151-9033-39e6d6cf7849"
"2021-02-24T07:09:50+01:00","Staking reward","0.29224497","DFI","1.022857395","USD","","","f113124f-98c2-4e78-bcb9-dc9403c276d8"
"2021-02-24T04:01:26+01:00","Staking reward","0.30631818","DFI","1.0751768118","USD","","","0a87a2e3-e891-45df-a683-526f141e119e"
"2021-02-24T00:52:41+01:00","Staking reward","0.29722042","DFI","0.9978700048828","USD","","","9dc19294-71d6-4b39-8bc7-3d12f23b5a2c"
"2021-02-23T21:43:42+01:00","Staking reward","0.31028224","DFI","1.00841728","USD","","","c630fbc4-a6aa-4acb-a7a5-28ee68c42755"
"2021-02-23T18:34:49+01:00","Staking reward","0.31528053","DFI","1.0156068656784","USD","","","4baae328-2744-4362-ba31-dad58a8e5fcc"
"2021-02-23T15:25:33+01:00","Staking reward","0.34042088","DFI","1.1407469646712","USD","","","835251b1-2469-4ea6-91a2-e283385fc815"
"2021-02-23T12:16:03+01:00","Staking reward","0.66757726","DFI","2.1309533443282","USD","","","21ca9b24-c957-4ad2-8f34-e8861e465ed3"
"2021-02-23T09:06:35+01:00","Staking reward","0.38860543","DFI","1.3282611318486","USD","","","099be4b5-b00d-45cd-b725-6b63589e99a7"
"2021-02-23T05:53:01+01:00","Staking reward","0.03020217","DFI","0.1065599002374","USD","","","6cddafb5-8017-4ee6-b994-3fb105fa9b95"
"2021-02-22T21:49:43+01:00","Staking reward","0.30098443","DFI","1.1264251997421","USD","","","0f7020f4-d752-425a-ad27-2cbbf198b292"
"2021-02-22T18:46:18+01:00","Staking reward","0.30397081","DFI","1.1181049495473","USD","","","e827e445-c9be-4be5-a86d-95ada3f3118f"
"2021-02-22T15:42:33+01:00","Staking reward","0.29588357","DFI","1.0617308495738","USD","","","a15bf78d-bbfb-4718-8e77-e12a2e890f15"
"2021-02-22T12:38:50+01:00","Staking reward","0.29182563","DFI","1.1044316062728","USD","","","3641873e-ca8a-4f37-968d-ef8d389b4199"
"2021-02-22T09:40:03+01:00","Staking reward","0.28273711","DFI","1.1186465483439","USD","","","472abd59-d652-4a69-8591-962d2da3c260"
"2021-02-22T06:36:43+01:00","Staking reward","0.29276557","DFI","1.1497548018154","USD","","","03b78764-b4b4-4b5f-bb34-2e1718ad6bb7"
"2021-02-22T03:33:23+01:00","Staking reward","0.25249941","DFI","0.9968398957449","USD","","","e7fc0225-26f0-46e1-948b-ed19d01ae835"
"2021-02-22T00:29:49+01:00","Staking reward","0.30276537","DFI","1.2010762780974","USD","","","18ec9dbe-eab5-4b6d-af4b-70df9faf7277"
"2021-02-21T21:26:23+01:00","Staking reward","0.30776028","DFI","1.227178728486","USD","","","527c82b1-0097-4815-8b71-46326933fd45"
"2021-02-21T18:22:37+01:00","Staking reward","0.27856332","DFI","1.1220976230912","USD","","","d5cbdb68-0001-4203-87e7-5fc2a0f58629"
"2021-02-21T15:18:59+01:00","Staking reward","0.29462426","DFI","1.1868437452858","USD","","","21b61a6c-a3ca-49cd-af08-8a7591a6cc5f"
"2021-02-21T12:15:41+01:00","Staking reward","0.3036345","DFI","1.205055494565","USD","","","cf118ed8-8846-4f20-98e6-6ae4b7465201"
"2021-02-21T09:12:18+01:00","Staking reward","0.30661392","DFI","1.2168985241136","USD","","","96ce6b9c-e6d0-4f15-9a81-016ea3869da1"
"2021-02-21T06:08:48+01:00","Staking reward","0.28145185","DFI","1.108379901448","USD","","","40cfa591-63ba-4d4b-a869-d102500862fc"
"2021-02-21T03:05:10+01:00","Staking reward","0.28041896","DFI","1.092329995836","USD","","","349d84d5-1cf4-479c-bbcf-3579bb5223b2"
"2021-02-21T00:01:35+01:00","Staking reward","0.30048775","DFI","1.164876821405","USD","","","6342b7cc-cb1b-4bb5-ac52-ab779576f281"
"2021-02-20T20:58:16+01:00","Staking reward","0.31451951","DFI","1.2732976390889","USD","","","b7a53813-8123-4399-9bba-61d0071aa474"
"2021-02-20T17:54:39+01:00","Staking reward","0.28334075","DFI","1.1361964075","USD","","","dbe841ed-28e5-4480-b479-15dfe3c1550c"
"2021-02-20T14:50:41+01:00","Staking reward","0.29737384","DFI","1.2056100483896","USD","","","7929d558-591f-4061-9adc-ad3f8dc3d9cc"
"2021-02-20T11:47:04+01:00","Staking reward","0.28026472","DFI","1.1123734763272","USD","","","5c176fe5-2e5f-4a75-b40b-df52ac7d9087"
"2021-02-20T08:43:06+01:00","Staking reward","0.3023265","DFI","1.196363402535","USD","","","fdb93be1-477c-4228-9866-1ccecb477f61"
"2021-02-20T05:39:33+01:00","Staking reward","0.44086255","DFI","1.722608693368","USD","","","efdcea99-1a67-42b2-9cb7-dc10774570fc"
"2021-02-20T02:36:01+01:00","Staking reward","0.43376307","DFI","1.6809316617561","USD","","","7825cb58-7740-49d6-8770-bfb4f56b9c6a"
"2021-02-19T20:43:57+01:00","Staking reward","0.38952779","DFI","1.4976291800467","USD","","","c1535d2e-cc1e-4630-aa51-fd2a2c5d648c"
"2021-02-19T12:22:14+01:00","Staking reward","0.2770582","DFI","1.025611274178","USD","","","cc4a5f89-73f7-4c59-9bac-c860ef073b84"
"2021-02-19T09:19:44+01:00","Staking reward","0.28305051","DFI","1.0390982357457","USD","","","6e418845-3547-4131-96db-4eae8d02a888"
"2021-02-19T06:17:11+01:00","Staking reward","0.32215271","DFI","1.1758573915","USD","","","dd2e0675-1e2c-4d5a-9354-31712de5d6ed"
"2021-02-19T03:14:44+01:00","Staking reward","0.07928139","DFI","0.2904291375453","USD","","","7028ddaa-c262-486e-9972-9516a7aa4c97"
"2021-02-19T02:03:26+01:00","Staking reward","0.30404674","DFI","1.1128536349436","USD","","","24031322-64e0-44cc-9ade-5bb7d9efa25f"
"2021-02-18T23:00:57+01:00","Staking reward","0.26889893","DFI","0.9982684546999","USD","","","fc2fa695-b5a1-4c9c-af72-a3c5716399fc"
"2021-02-18T19:57:57+01:00","Staking reward","0.2869289","DFI","1.049459667484","USD","","","cecaa873-6842-4fdd-9836-2fa6433285d1"
"2021-02-18T16:55:22+01:00","Staking reward","0.2758634","DFI","1.015262829654","USD","","","911afa92-6d2e-4ff1-ad7a-db61fd2f1943"
"2021-02-18T13:52:49+01:00","Staking reward","0.30692629","DFI","1.1297496345465","USD","","","21aa22eb-a729-43c8-81d0-4a827b2931b6"
"2021-02-18T10:50:20+01:00","Staking reward","0.01103311","DFI","0.0404915137","USD","","","3ded9bc8-bd86-4302-a13d-484c89516072"
"2021-02-18T10:43:40+01:00","Staking reward","0.01203604","DFI","0.0441722668","USD","","","625c3790-7e0e-4e87-bfac-a8a9ab51afb9"
"2021-02-18T10:33:51+01:00","Staking reward","0.17651857","DFI","0.6389336767148","USD","","","c17502e4-dd08-4fd5-a2d3-91b999f66ac7"
"2021-02-18T08:47:20+01:00","Staking reward","0.06719542","DFI","0.2480545807468","USD","","","548b403e-e3e6-445a-8eb4-2675973dc675"
"2021-02-18T08:09:33+01:00","Staking reward","0.17349318","DFI","0.6385399140582","USD","","","02811290-6b4f-4816-8f6f-8586b9f31e65"
"2021-02-18T06:14:39+01:00","Staking reward","0.31084705","DFI","1.140796239618","USD","","","e7781909-fcd0-4fa7-af92-e67792629563"
"2021-02-18T03:12:21+01:00","Staking reward","0.18448979","DFI","0.6759853497432","USD","","","68adc15f-6a74-4155-8f1d-fa8dada9f20b"
"2021-02-18T01:18:29+01:00","Staking reward","0.29074341","DFI","1.0583263644387","USD","","","ac655c5f-12d6-47a1-ac30-d53990dd3dd9"
"2021-02-17T22:16:02+01:00","Staking reward","0.29472216","DFI","1.0849105848408","USD","","","6ee19efd-86b4-456d-a781-678cf6db8c77"
"2021-02-17T19:13:38+01:00","Staking reward","0.27965478","DFI","1.0149846516276","USD","","","603e00e9-687f-4056-942f-365fa1e0effe"
"2021-02-17T16:11:23+01:00","Staking reward","0.47602962","DFI","1.7517890016","USD","","","d300ff44-9992-45b7-b7d8-377f0f844ba5"
"2021-02-17T13:08:36+01:00","Staking reward","0.17536764","DFI","0.6418595918112","USD","","","5f4f092a-8716-46e7-a504-a2f41bf2af09"
"2021-02-17T10:01:03+01:00","Staking reward","0.30760714","DFI","1.1127319160932","USD","","","95df86d3-82d4-4073-bb99-4977313f28a2"
"2021-02-17T06:54:10+01:00","Staking reward","0.38470179","DFI","1.3521229223667","USD","","","b9edb770-906c-45af-ad9b-2eba45f2e5b2"
"2021-02-17T03:29:33+01:00","Staking reward","0.35360075","DFI","1.257298186775","USD","","","8bcbbf61-3324-4747-b02d-71b24183d694"
"2021-02-17T00:23:21+01:00","Staking reward","0.30648655","DFI","1.086513208943","USD","","","648e27f5-97b8-4d48-b7ca-08ef6e87e2b3"
"2021-02-16T21:20:44+01:00","Staking reward","0.26238946","DFI","0.922259593481","USD","","","0dc66012-203d-4445-89ae-a84f9642337e"
"2021-02-16T18:16:52+01:00","Staking reward","0.27337881","DFI","0.9546716099772","USD","","","3240b04e-3112-46ef-a65f-6afd6ea6996b"
"2021-02-16T15:14:20+01:00","Staking reward","0.28436405","DFI","1.004982363667","USD","","","23ea23a5-acb3-46a8-978c-f9e305ebef40"
"2021-02-16T12:11:32+01:00","Staking reward","0.20925188","DFI","0.7375752116616","USD","","","88a5ed81-3c81-432d-aaaf-295954728015"
"2021-02-16T09:08:32+01:00","Staking reward","0.28535367","DFI","0.9960155709882","USD","","","58e5b9c7-6789-4bb9-ba7f-64b5bcc7bec2"
"2021-02-16T05:59:07+01:00","Staking reward","0.35340664","DFI","1.1933870760184","USD","","","536b8381-2ea4-4fa1-91f6-676d47b09714"
"2021-02-16T02:53:05+01:00","Staking reward","0.24325166","DFI","0.8239493203018","USD","","","08e243e6-25a4-469f-aab4-6825ded2a8e4"
"2021-02-15T23:47:39+01:00","Staking reward","0.30322834","DFI","1.0568993467866","USD","","","ded105f8-5173-4b12-b35b-385f8cc48217"
"2021-02-15T20:44:47+01:00","Staking reward","0.22915365","DFI","0.7846977183045","USD","","","54a7c0f8-5246-42da-90e4-d8537377bb54"
"2021-02-15T17:40:54+01:00","Staking reward","0.28415764","DFI","0.9991209948512","USD","","","c5c1df10-ea2e-488d-a6fc-ca744f6f67d9"
"2021-02-15T14:37:40+01:00","Staking reward","0.21109938","DFI","0.75109159404","USD","","","e1854958-e25f-4f2c-923d-47ff2c032971"
"2021-02-15T11:33:54+01:00","Staking reward","0.31311071","DFI","1.1016424598498","USD","","","e09297e9-a805-4bfc-bb35-27ee4cbee9c1"
"2021-02-15T08:30:13+01:00","Staking reward","0.26206509","DFI","0.937642685511","USD","","","0918b952-4f72-4096-ac51-af78fdf707fe"
"2021-02-15T05:22:01+01:00","Staking reward","0.34003958","DFI","1.200203701568","USD","","","4bee9bf3-b576-4aec-9221-79995bd7e96b"
"2021-02-15T02:14:58+01:00","Staking reward","0.32699969","DFI","1.1998566925201","USD","","","d5308e3f-6677-46a8-9e32-d1930707a6a0"
"2021-02-14T23:06:51+01:00","Staking reward","0.35295441","DFI","1.295448571023","USD","","","3c214e0a-9989-4382-b0b4-9a111ac06f2b"
"2021-02-14T20:01:12+01:00","Staking reward","0.27893359","DFI","1.0195385328167","USD","","","48fc1ed8-0efd-4b9c-a62f-e9205fcf60d3"
"2021-02-14T16:53:16+01:00","Staking reward","0.19693959","DFI","0.7108258785624","USD","","","4476e557-40bf-4dea-90da-3245f5dd90cd"
"2021-02-14T13:50:57+01:00","Staking reward","0.29787447","DFI","1.09141205808","USD","","","dda46055-5050-4231-8e4e-0b5af27da54e"
"2021-02-14T10:44:50+01:00","Staking reward","0.31682539","DFI","1.1581045210826","USD","","","c25b128f-9d61-499a-ae7a-967d6ae028e4"
"2021-02-14T07:36:03+01:00","Staking reward","0.33477155","DFI","1.225846375497","USD","","","694d88c6-e710-4f09-bc20-4c07807b9030"
"2021-02-14T04:29:16+01:00","Staking reward","0.31275016","DFI","1.1042801574392","USD","","","38d37bc0-664f-4e3f-a701-966cb0f7febe"
"2021-02-14T01:20:51+01:00","Staking reward","0.29273479","DFI","1.0351892558333","USD","","","69aa6c2a-9e44-4e20-a25a-f5c9ada78218"
"2021-02-13T22:13:28+01:00","Staking reward","0.28970694","DFI","1.0207737118818","USD","","","1ada2b0a-bd19-4c6f-9e01-3b8aafce7864"
"2021-02-13T19:10:56+01:00","Staking reward","0.33561735","DFI","1.1868537033255","USD","","","1089e477-4abe-47a7-b282-e71f35d5a16f"
"2021-02-13T16:03:43+01:00","Staking reward","0.26866629","DFI","0.9466483594779","USD","","","6ef48c67-09ac-42b1-930e-afa99d305745"
"2021-02-13T12:58:22+01:00","Staking reward","0.27762626","DFI","0.9735409008916","USD","","","25c15bfe-3e4d-4e6b-bb9f-aed038dfe024"
"2021-02-13T09:52:46+01:00","Staking reward","0.31553487","DFI","1.1262543882345","USD","","","325f4504-9413-4ec3-90d0-0c937375ebc6"
"2021-02-13T06:45:54+01:00","Staking reward","0.35442887","DFI","1.2658852406694","USD","","","426e7bc3-a721-4741-9bf1-f5af78938ff0"
"2021-02-13T03:43:23+01:00","Staking reward","0.26754515","DFI","0.9551361855","USD","","","e317c7af-267c-424a-8e59-5bd83c41b35c"
"2021-02-13T00:35:13+01:00","Staking reward","0.31343035","DFI","1.1440207775","USD","","","98815822-a3ff-4386-bf2e-f87aa50f6cb2"
"2021-02-12T21:29:20+01:00","Staking reward","0.33235298","DFI","1.190671168499","USD","","","b958dcc3-494d-4d82-9fe8-da2a4294d61b"
"2021-02-12T18:22:28+01:00","Staking reward","0.27543542","DFI","0.9942557616992","USD","","","33240882-816d-46a9-8ed6-854ada37637e"
"2021-02-12T15:19:53+01:00","Staking reward","0.26742385","DFI","0.964191342698","USD","","","e5c86f15-841b-43db-814f-58e67982e627"
"2021-02-12T12:14:16+01:00","Staking reward","0.26939158","DFI","0.969809688","USD","","","ef7a065c-25a8-40ca-8b56-0aad615771e7"
"2021-02-12T09:10:11+01:00","Staking reward","0.28731827","DFI","1.035581240561","USD","","","ef3031fc-a287-42f2-bc94-78d8814fdc5b"
"2021-02-12T06:06:33+01:00","Staking reward","0.29626222","DFI","1.0714708327186","USD","","","8e652505-3d78-476d-98d1-6a9a78bda63a"
"2021-02-12T03:03:57+01:00","Staking reward","0.34110925","DFI","1.2486406429025","USD","","","f0bcfd94-51cc-4fe9-937f-7475a88662f8"
"2021-02-12T00:01:42+01:00","Staking reward","0.25132176","DFI","0.9042330735216","USD","","","02790dd6-1161-478e-8769-089af208f26c"
"2021-02-11T20:59:16+01:00","Staking reward","0.33006647","DFI","1.2152486312401","USD","","","350a3922-45c9-4901-9c63-2a5288c4cf39"
"2021-02-11T17:56:30+01:00","Staking reward","0.23631162","DFI","0.863092745307","USD","","","f4c0de2f-ab58-4d92-80b4-65079232303b"
"2021-02-11T14:53:48+01:00","Staking reward","0.28214553","DFI","1.0276643068296","USD","","","f55af326-17f5-4bdc-9360-9bdb51fa7981"
"2021-02-11T11:51:30+01:00","Staking reward","0.29108678","DFI","1.0257723475132","USD","","","de294ae6-bb01-497c-a9eb-275910b68f73"
"2021-02-11T08:48:41+01:00","Staking reward","0.27311222","DFI","0.9386976246288","USD","","","5c86d5bd-695b-4b2e-8089-376975fe60ea"
"2021-02-11T05:46:24+01:00","Staking reward","0.28703544","DFI","0.9898646776752","USD","","","0ece7752-85a2-4092-b54c-152149c50d93"
"2021-02-11T02:44:21+01:00","Staking reward","0.28899769","DFI","1.0071482797193","USD","","","decb2d29-da8d-4193-9a9b-b4f4f05822ba"
"2021-02-10T23:42:06+01:00","Staking reward","0.30690138","DFI","1.077515400111","USD","","","4f269afc-e622-47cb-90a2-b66a1e6a305f"
"2021-02-10T20:39:58+01:00","Staking reward","0.307862","DFI","1.066895761","USD","","","a93907cb-b9db-479e-88f4-c6cf0e4ea1cc"
"2021-02-10T17:37:42+01:00","Staking reward","0.29388158","DFI","1.0192136464138","USD","","","93f73f70-07d1-4685-9957-ee68c95c4218"
"2021-02-10T14:35:40+01:00","Staking reward","0.29882782","DFI","1.056939057949","USD","","","3c05ae6f-937c-4d4e-a50f-ff5960abb5e5"
"2021-02-10T11:32:53+01:00","Staking reward","0.00896491","DFI","0.0331015854385","USD","","","29e17485-76e1-473a-9a00-b04f477a1716"
"2021-02-10T11:23:54+01:00","Staking reward","0.21314644","DFI","0.7892087975304","USD","","","f8338960-7f52-4fb8-9c11-4bb8fd1d17bb"
"2021-02-10T09:14:21+01:00","Staking reward","0.10457687","DFI","0.3839194678379","USD","","","e056da18-8986-48a9-b681-e439710f7090"
"2021-02-10T08:14:27+01:00","Staking reward","0.25494206","DFI","0.9225741290456","USD","","","8f264fda-519d-48c6-96c5-4a06c397d73c"
"2021-02-10T05:12:19+01:00","Staking reward","0.2808049","DFI","0.987012375206","USD","","","b17d8567-7082-47b5-8ff5-5920f2e3ed5b"
"2021-02-10T02:10:14+01:00","Staking reward","0.23995731","DFI","0.8637215381988","USD","","","844a7d00-e3e4-4c40-ab56-e65cf9d8c411"
"2021-02-09T23:41:24+01:00","Staking reward","0.31161116","DFI","1.131444541402","USD","","","e3002fef-2163-4b71-8905-96f46aeb278f"
"2021-02-09T20:39:12+01:00","Staking reward","0.31257018","DFI","1.1067578704494","USD","","","d27b3c06-b05c-44a2-9b32-6b9435883c5e"
"2021-02-09T17:37:03+01:00","Staking reward","0.27968935","DFI","0.9761158315","USD","","","567bc03f-51f4-416f-b34e-261b0e1f827a"
"2021-02-09T14:34:28+01:00","Staking reward","0.29160144","DFI","1.022106787416","USD","","","d148285f-42f3-4c89-84a9-ecba3c4494dc"
"2021-02-09T11:31:50+01:00","Staking reward","0.04279397","DFI","0.1491733603245","USD","","","21cf229b-4f32-42b1-bfac-a0ec423b1926"
"2021-02-09T11:03:20+01:00","Staking reward","0.01990371","DFI","0.0689430678093","USD","","","c0577db4-d6fe-49b3-b274-efb83ad34aa9"
"2021-02-09T10:49:36+01:00","Staking reward","0.01990371","DFI","0.0696504456627","USD","","","9dac88d8-e8ff-4ee6-86fb-86f89b709e4c"
"2021-02-09T10:44:02+01:00","Staking reward","0.01094687","DFI","0.0383809303757","USD","","","47a82b70-e765-42d6-9e7b-a344bce80d5f"
"2021-02-09T10:33:13+01:00","Staking reward","0.25275347","DFI","0.885976738391","USD","","","21072ad9-5d7a-47ac-be3b-68523d0b8e9a"
"2021-02-09T07:59:10+01:00","Staking reward","0.29650065","DFI","1.0624003740345","USD","","","8eb2789e-1ac3-408a-bee7-f9f5949ad667"
"2021-02-09T04:57:11+01:00","Staking reward","0.28651962","DFI","0.9710980828698","USD","","","d3c4ff35-3d25-4d71-ae33-cfe29ac9bd57"
"2021-02-09T01:54:50+01:00","Staking reward","0.29046986","DFI","0.9955593028626","USD","","","3f1d2437-19eb-4bd6-8bf4-3aee34d1d08a"
"2021-02-08T22:52:58+01:00","Staking reward","0.30436226","DFI","1.0169412703572","USD","","","a7be5df3-992e-4419-b772-dd3101dc4467"
"2021-02-08T19:50:47+01:00","Staking reward","0.29836134","DFI","0.9831006153","USD","","","7aaf0836-37b6-4b07-838d-3eefe4bf07dc"
"2021-02-08T16:48:17+01:00","Staking reward","0.28540142","DFI","0.9391504746946","USD","","","12f548db-9526-4c2f-85cf-bc160da5945a"
"2021-02-08T13:46:15+01:00","Staking reward","0.28835244","DFI","0.8693826066","USD","","","76997e04-77b7-4a88-a811-86c8acba0463"
"2021-02-08T10:44:13+01:00","Staking reward","0.2813616","DFI","0.853732689264","USD","","","28ca046e-d737-45ef-bd57-7d4238c3542e"
"2021-02-08T07:42:08+01:00","Staking reward","0.02684289","DFI","0.0820780416108","USD","","","54ebf57d-ebcd-4d3a-99ee-f81625438f4c"
"2021-02-08T07:25:03+01:00","Staking reward","0.30518029","DFI","0.926985130875","USD","","","44300302-e184-4bc8-af70-7a7145211f6a"
"2021-02-08T04:23:14+01:00","Staking reward","0.27334162","DFI","0.82521835078","USD","","","13f15d3b-e8cd-47e8-8006-0494bcf04cf8"
"2021-02-08T01:21:05+01:00","Staking reward","0.29219625","DFI","0.8859828594375","USD","","","294e06f1-f586-49aa-998c-706978c2e012"
"2021-02-07T22:19:14+01:00","Staking reward","0.27825565","DFI","0.846609510464","USD","","","6b098155-1449-44ed-980d-5fc766e676b2"
"2021-02-07T19:17:17+01:00","Staking reward","0.26630213","DFI","0.7908747177592","USD","","","e85a2bc1-1939-4153-bb31-0332acca9020"
"2021-02-07T16:14:58+01:00","Staking reward","0.30700645","DFI","0.937266131334","USD","","","0c1048f7-0da9-416f-8905-7899c7cbd938"
"2021-02-07T13:12:51+01:00","Staking reward","0.29703751","DFI","0.9237866561","USD","","","ecb68f4b-3d8d-49c3-85b2-c58ea20cefb2"
"2021-02-07T10:10:58+01:00","Staking reward","0.27415683","DFI","0.8527072467807","USD","","","3dd1f937-3306-4b5c-9c61-344c117f47d2"
"2021-02-07T07:09:03+01:00","Staking reward","0.29498213","DFI","0.8947781443929","USD","","","9677d762-1857-48da-b0c3-9fd591b456e9"
"2021-02-07T04:07:09+01:00","Staking reward","0.27806943","DFI","0.8428367844129","USD","","","d8291a1d-2bfc-4339-be60-4301c7547c1f"
"2021-02-07T01:05:03+01:00","Staking reward","0.27407069","DFI","0.857430153665","USD","","","dede53eb-3c59-45d4-b3c1-84c8f0eb6b43"
"2021-02-06T22:03:16+01:00","Staking reward","0.28496338","DFI","0.9007179507716","USD","","","9ca3cd6d-f6d1-4ed2-b8cb-aab23078f755"
"2021-02-06T19:01:07+01:00","Staking reward","0.27699068","DFI","0.88733964338","USD","","","7aa46fc2-22f5-42d7-b3b3-131e46607f5d"
"2021-02-06T15:59:22+01:00","Staking reward","0.30177646","DFI","0.9574522101712","USD","","","7c1e9094-2407-4704-90a1-aaf50e062c2a"
"2021-02-06T12:57:20+01:00","Staking reward","0.03871421","DFI","0.1228661268507","USD","","","a1b9a87f-26c7-40aa-be3b-e4d235a9cb05"
"2021-02-06T12:39:56+01:00","Staking reward","0.04268283","DFI","0.1361582277","USD","","","cc9f9327-1f1e-421d-be0c-1b5a3fb5fe9f"
"2021-02-06T11:44:28+01:00","Staking reward","0.28585095","DFI","0.9053499873495","USD","","","4528e35c-b611-4915-a0c4-07d4b450d572"
"2021-02-06T08:37:33+01:00","Staking reward","0.24910186","DFI","0.7665586627594","USD","","","1bef031b-f366-4822-bddf-8332639fb962"
"2021-02-06T05:35:32+01:00","Staking reward","0.27686086","DFI","0.838016294091","USD","","","012ea75a-e241-45f5-ac90-caef7dc3c3ed"
"2021-02-06T02:33:45+01:00","Staking reward","0.2371466","DFI","0.737023175208","USD","","","510d3449-c17f-4dd9-9296-7f10c070c6ed"
"2021-02-05T23:31:45+01:00","Staking reward","0.1379162","DFI","0.415127762","USD","","","fcdf5a39-6bda-4854-8076-e7d4a1dfeb67"
"2021-02-05T20:29:56+01:00","Staking reward","0.15675811","DFI","0.4773989860995","USD","","","9dd99ed8-42d8-4a16-ad37-9b07076ffcb0"
"2021-02-05T15:32:34+01:00","Staking reward","0.2807459","DFI","0.850494436919","USD","","","16f1f3b6-5b25-4c54-bbd5-fe97264df892"
"2021-02-05T12:30:25+01:00","Staking reward","0.28765911","DFI","0.8562978854658","USD","","","8b13f82b-841a-4db0-9345-a295b6825379"
"2021-02-05T09:28:24+01:00","Staking reward","0.27671578","DFI","0.8214335600878","USD","","","a75ab7d0-9e77-4847-885d-43a0d45975e4"
"2021-02-05T06:26:33+01:00","Staking reward","0.27668629","DFI","0.8220930717109","USD","","","b10abfb3-bfdc-4446-9da8-edf0fdb442d1"
"2021-02-05T03:24:20+01:00","Staking reward","0.26178527","DFI","0.7714000372563","USD","","","4711360d-4a99-4b7e-9cb2-763552f8e72a"
"2021-02-05T00:22:37+01:00","Staking reward","0.2835731","DFI","0.856382254807","USD","","","a2e686cd-9596-4258-842f-be297c4429df"
"2021-02-04T21:20:52+01:00","Staking reward","0.28651616","DFI","0.8624136416","USD","","","7668420e-4614-497b-80d8-68891fbdd2e3"
"2021-02-04T18:19:01+01:00","Staking reward","0.29144048","DFI","0.8499482726576","USD","","","722325e5-9c24-4509-bd33-29f9f55b77ac"
"2021-02-04T15:17:12+01:00","Staking reward","0.29537205","DFI","0.8831624295","USD","","","aa6a5da5-9577-42e1-a05b-b6b279847cc2"
"2021-02-04T12:15:26+01:00","Staking reward","0.30425753","DFI","0.9135301912497","USD","","","710d284c-8246-41a8-8779-de59f8d4ead2"
"2021-02-04T09:13:38+01:00","Staking reward","0.28638309","DFI","0.8591063125365","USD","","","983c39d0-4e9b-49b5-901e-834f870457ab"
"2021-02-04T06:11:30+01:00","Staking reward","0.28635107","DFI","0.8460156457829","USD","","","6520358f-3fcf-4803-a362-232049cef71d"
"2021-02-04T03:09:36+01:00","Staking reward","0.04161438","DFI","0.12534251256","USD","","","b0e989b7-88f2-40ec-ad74-65b6b7c36448"
"2021-02-04T02:48:38+01:00","Staking reward","0.28433647","DFI","0.8504390083112","USD","","","26476189-b3ac-4331-873c-caae21e8f71b"
"2021-02-03T23:47:03+01:00","Staking reward","0.28034593","DFI","0.8270204935","USD","","","ade512a9-db26-4870-b102-020c74d3e367"
"2021-02-03T20:45:16+01:00","Staking reward","0.29021987","DFI","0.8415128284559","USD","","","10b10a30-0fc8-4c1f-8e67-7fdeca2194f2"
"2021-02-03T17:43:27+01:00","Staking reward","0.3486113","DFI","1.000514431","USD","","","eea3fbe8-cf91-4f5b-b67b-a88d59076df1"
"2021-02-03T14:11:48+01:00","Staking reward","0.25549237","DFI","0.7154399541688","USD","","","f9a9e443-2fa2-4bf1-a1ed-349265509b7c"
"2021-02-03T11:09:12+01:00","Staking reward","0.29704962","DFI","0.8248949127552","USD","","","ce5624e0-c4e2-4e85-a2f5-d41f11f16d3c"
"2021-02-03T08:07:27+01:00","Staking reward","0.0633687","DFI","0.175755624198","USD","","","cc58aaa1-930e-4732-99e4-4470bbbe96fa"
"2021-02-03T07:25:10+01:00","Staking reward","0.30393511","DFI","0.8335785113882","USD","","","4f7740bb-9d21-4046-9e33-aec8bfec0804"
"2021-02-03T04:23:07+01:00","Staking reward","0.29499202","DFI","0.8189302966422","USD","","","b58031b5-54f8-4506-a0b0-0038c1720d54"
"2021-02-03T01:21:29+01:00","Staking reward","0.29496324","DFI","0.808361507382","USD","","","04ac1379-955f-4439-bfca-dc6d87d63da5"
"2021-02-02T22:19:43+01:00","Staking reward","0.28899289","DFI","0.79039555415","USD","","","0614f327-3849-4346-bf87-cbe2da629056"
"2021-02-02T19:18:00+01:00","Staking reward","0.29588749","DFI","0.7956325839853","USD","","","249db998-441e-4c60-bb4a-f441dd61f175"
"2021-02-02T16:16:16+01:00","Staking reward","0.2879408","DFI","0.76472757368","USD","","","c462b7d4-59c8-4715-ad05-d89029327673"
"2021-02-02T13:14:32+01:00","Staking reward","0.28394832","DFI","0.7446005190192","USD","","","6a45d7db-00e4-445b-82fe-b1f591f0dbe4"
"2021-02-02T10:12:51+01:00","Staking reward","0.27204624","DFI","0.7247747107584","USD","","","0d27c3f1-d1fe-4521-b4d8-5c88d2954ca8"
"2021-02-02T07:11:11+01:00","Staking reward","0.29080716","DFI","0.7597395216432","USD","","","26f65670-4149-4180-aafe-4b54158c9c4f"
"2021-02-02T04:09:26+01:00","Staking reward","0.02373914","DFI","0.0615814656826","USD","","","f4845ff7-d4ff-4dfa-9d68-75f4f2afc794"
"2021-02-02T03:52:47+01:00","Staking reward","0.00197816","DFI","0.0051315250744","USD","","","4f086e49-2fe2-4879-ad0b-2c6541fdda61"
"2021-02-02T03:50:16+01:00","Staking reward","0.0069238","DFI","0.017960960342","USD","","","aa79e2fb-3e4b-4550-aa24-6c26ef97adc0"
"2021-02-02T03:43:36+01:00","Staking reward","0.00791287","DFI","0.0205266969383","USD","","","a7b2b391-4b12-4b31-a7c7-c758f0ff9f5c"
"2021-02-02T03:39:34+01:00","Staking reward","0.19286545","DFI","0.5003103351905","USD","","","69bceeab-6979-4940-91b2-af7d74e333e2"
"2021-02-02T01:36:44+01:00","Staking reward","0.28877299","DFI","0.7567787117033","USD","","","f18b0abe-387a-4e7b-877d-05775261740d"
"2021-02-01T22:34:58+01:00","Staking reward","0.30654098","DFI","0.7899223859522","USD","","","d23c3555-d950-4c19-bfe7-9d11b40e70c8"
"2021-02-01T19:33:08+01:00","Staking reward","0.28277929","DFI","0.7343862995087","USD","","","ecdc37e3-9703-48a1-8d3f-d985484c2884"
"2021-02-01T16:31:18+01:00","Staking reward","0.05141335","DFI","0.130326672648","USD","","","2810591b-c756-4ce2-9758-db3c755f61c0"
"2021-02-01T15:54:51+01:00","Staking reward","0.04745804","DFI","0.1200688412","USD","","","57488052-9273-4380-82f4-efd9dbc8f72d"
"2021-02-01T15:28:07+01:00","Staking reward","0.28471318","DFI","0.7217479113","USD","","","eb75f0f3-d03a-4c90-81df-ed18798abd7e"
"2021-02-01T12:26:21+01:00","Staking reward","0.02767988","DFI","0.0699741830424","USD","","","a79331ac-d43d-4725-b40e-dad74f875c55"
"2021-02-01T12:08:39+01:00","Staking reward","0.11565854","DFI","0.292517796441","USD","","","5fae3479-5045-48ed-9bf6-3d9c11b25cac"
"2021-02-01T10:54:42+01:00","Staking reward","0.30443268","DFI","0.7732650958536","USD","","","abb5e1f2-3c00-4a45-a43c-ff168d633cb2"
"2021-02-01T07:53:04+01:00","Staking reward","0.29549999","DFI","0.7439744148232","USD","","","f4eac8aa-4413-4667-8461-75bcbd5a8127"
"2021-02-01T04:51:01+01:00","Staking reward","0.27866956","DFI","0.6868675181836","USD","","","1ee9a87e-3f44-4f1f-ae9b-1e9904d946e8"
"2021-02-01T01:49:01+01:00","Staking reward","0.28555833","DFI","0.6957571598784","USD","","","bf78585d-717d-466a-9795-d2faf414e047"
"2021-01-31T22:46:33+01:00","Staking reward","0.27960272","DFI","0.6789788571664","USD","","","0efe2537-ebc6-465f-9246-055c764175ce"
"2021-01-31T19:44:59+01:00","Staking reward","0.29537778","DFI","0.6929946709914","USD","","","f267135a-18e2-462a-96aa-a27b6a41464c"
"2021-01-31T16:43:17+01:00","Staking reward","0.27262686","DFI","0.6634674527646","USD","","","06b02c2a-e79c-4778-8a79-2e58029abb77"
"2021-01-31T13:41:44+01:00","Staking reward","0.27852323","DFI","0.6815714109007","USD","","","98f03bf0-b705-4331-9b57-ba7d9d81aedc"
"2021-01-31T10:40:14+01:00","Staking reward","0.30317598","DFI","0.7458129108","USD","","","87cfb6f3-57d8-4e54-8a48-3d4c7c68103d"
"2021-01-31T07:38:31+01:00","Staking reward","0.29820155","DFI","0.7404493587275","USD","","","2fb2d72a-d85d-412a-9376-b1273ed0a9c8"
"2021-01-31T04:36:58+01:00","Staking reward","0.28237313","DFI","0.7152059585892","USD","","","6a3c126d-14db-4836-9c59-5a2054e12f34"
"2021-01-31T01:35:24+01:00","Staking reward","0.29123047","DFI","0.742026114513","USD","","","ce42a20d-5543-449d-98ee-85037e329037"
"2021-01-30T22:33:53+01:00","Staking reward","0.2981074","DFI","0.7619625144","USD","","","48a5f735-5701-469b-a5c0-4b8539b3e6a8"
"2021-01-30T19:32:16+01:00","Staking reward","0.27734988","DFI","0.7238055288336","USD","","","aae47ba7-fd61-4db9-a1c9-03dcae118e5e"
"2021-01-30T16:30:32+01:00","Staking reward","0.10067082","DFI","0.25942870314","USD","","","d9f7a1db-edfb-4baa-9e5c-6ec4bd692edf"
"2021-01-30T15:25:11+01:00","Staking reward","0.3108582","DFI","0.798902465418","USD","","","742f9fdd-6333-4ca9-8477-5fa722237063"
"2021-01-30T12:23:39+01:00","Staking reward","0.27529594","DFI","0.7151335103786","USD","","","cf86ec60-d119-47a9-a611-1b75f0c395a6"
"2021-01-30T09:21:53+01:00","Staking reward","0.01776098","DFI","0.0460394795266","USD","","","d024bc06-c6ea-4dc0-a8fe-76dbdbdb4b78"
"2021-01-30T09:12:22+01:00","Staking reward","0.07696177","DFI","0.200862523523","USD","","","72486a63-4a22-42d0-8bea-24d47e5507e7"
"2021-01-30T08:24:47+01:00","Staking reward","0.29400067","DFI","0.7522330542687","USD","","","4179e083-9725-4189-b8c4-e5357075cd44"
"2021-01-30T05:23:14+01:00","Staking reward","0.27818505","DFI","0.7096806629055","USD","","","7a9d9d78-296b-45ca-a235-3f8bfbd60761"
"2021-01-30T02:21:42+01:00","Staking reward","0.2623773","DFI","0.678547054395","USD","","","a3f11b19-b14b-4f52-8451-86f887da46b6"
"2021-01-29T23:20:11+01:00","Staking reward","0.26629253","DFI","0.696381595203","USD","","","bdaad1d1-a2be-4ee7-a3c1-d7289838d110"
"2021-01-29T20:18:39+01:00","Staking reward","0.26725572","DFI","0.705808993734","USD","","","48df5738-dae6-4bcb-b729-a9a10d2ebedd"
"2021-01-29T17:17:04+01:00","Staking reward","0.2830043","DFI","0.773382830868","USD","","","3464b455-8c8e-4448-a1cd-c4aaffc44879"
"2021-01-29T14:15:33+01:00","Staking reward","0.28593112","DFI","0.754314887672","USD","","","2a404496-3e2a-45d0-ae34-37d128615dbd"
"2021-01-29T11:13:55+01:00","Staking reward","0.29969829","DFI","0.8026939180386","USD","","","60e89d25-84a7-402b-bc3a-54bf5712be52"
"2021-01-29T08:12:21+01:00","Staking reward","0.28290591","DFI","0.6949725132105","USD","","","c69e021f-afff-444a-afdb-098124c1c92f"
"2021-01-29T05:10:50+01:00","Staking reward","0.30751327","DFI","0.7806716380182","USD","","","f8b68743-8a3b-426f-9dc5-96fe2100dc08"
"2021-01-29T02:06:25+01:00","Staking reward","0.29171213","DFI","0.7501814991145","USD","","","b8a9d7cc-62cf-48ac-9f9a-0cbdfeaf4999"
"2021-01-28T23:04:12+01:00","Staking reward","0.27985659","DFI","0.7068981563787","USD","","","d322c663-f93a-42c9-bdfc-49ff79a5280e"
"2021-01-28T20:02:43+01:00","Staking reward","0.2798257","DFI","0.703274738782","USD","","","82ab0fb7-5fb6-442b-9fcd-829cc44716ec"
"2021-01-28T17:01:10+01:00","Staking reward","0.3014685","DFI","0.7370904825","USD","","","9d89a255-3c4a-4bb8-96f5-9ee79ef99719"
"2021-01-28T13:59:42+01:00","Staking reward","0.29059877","DFI","0.7058440704161","USD","","","abb66501-4030-43e3-902b-745f36b9e0d0"
"2021-01-28T10:58:01+01:00","Staking reward","0.13888891","DFI","0.3330014395051","USD","","","b884cea4-582b-4707-af18-76874230cddc"
"2021-01-28T09:02:20+01:00","Staking reward","0.28463976","DFI","0.6943900801104","USD","","","705f45eb-0ae5-4292-ae70-5fd2ea610e53"
"2021-01-28T06:00:51+01:00","Staking reward","0.26786828","DFI","0.6464840216832","USD","","","c83f55d7-9020-4fa2-ae95-0c07180a9794"
"2021-01-28T02:59:23+01:00","Staking reward","0.2983637","DFI","0.712725239286","USD","","","43e057e3-e0a3-4cb1-af7f-a10f955c9fdc"
"2021-01-27T23:56:18+01:00","Staking reward","0.29439575","DFI","0.70587857769","USD","","","2ab7421e-9a1f-4107-ab05-ba9d0a0777ea"
"2021-01-27T20:54:06+01:00","Staking reward","0.28943864","DFI","0.6940275485376","USD","","","cd6040ef-bdd7-42c2-b7e5-b3ced92506af"
"2021-01-27T17:52:10+01:00","Staking reward","0.28251565","DFI","0.681851521275","USD","","","9c8230c9-c466-4730-abd5-57380c316ebc"
"2021-01-27T14:50:39+01:00","Staking reward","0.30708896","DFI","0.7406033739424","USD","","","f339c75a-dd3d-46a5-be48-97fb8205120f"
"2021-01-27T11:49:09+01:00","Staking reward","0.29622929","DFI","0.7198371747","USD","","","496398e8-eccf-43a1-986f-be899d5ed40c"
"2021-01-27T08:47:38+01:00","Staking reward","0.28536953","DFI","0.7041293394079","USD","","","5fe299ea-7f8b-4c67-9748-0b1fefc0d3e1"
"2021-01-27T05:46:12+01:00","Staking reward","0.2745155","DFI","0.67399594591","USD","","","119fe5af-82e5-4c43-a12a-cf27b22f1e03"
"2021-01-27T02:44:42+01:00","Staking reward","0.29711345","DFI","0.752701271961","USD","","","bce27ce7-4280-4753-acdd-2b9446894fff"
"2021-01-26T23:43:11+01:00","Staking reward","0.26560557","DFI","0.6662529799551","USD","","","7c210eef-3aea-45e9-a36c-1924d13e6a00"
"2021-01-26T20:41:45+01:00","Staking reward","0.28623069","DFI","0.7245128471418","USD","","","54c3181f-14ab-4667-9de6-205aa25025c4"
"2021-01-26T17:40:10+01:00","Staking reward","0.28816726","DFI","0.714020836828","USD","","","f9bf568b-86b0-4838-a868-0671dac69079"
"2021-01-26T14:38:40+01:00","Staking reward","0.26748617","DFI","0.6669366419695","USD","","","7c3d5720-4b90-432a-b6c9-c0abfb6a25d0"
"2021-01-26T11:37:07+01:00","Staking reward","0.0226178","DFI","0.057416642368","USD","","","b801df92-70f8-499c-bd11-52283a7f2d93"
"2021-01-26T11:20:19+01:00","Staking reward","0.28416944","DFI","0.7114238764288","USD","","","e1dd3a1f-883d-4143-bdb2-6ae2ebff61c8"
"2021-01-26T08:18:53+01:00","Staking reward","0.26939025","DFI","0.6601704405525","USD","","","6c2235d8-ba69-4bca-b2e8-ba0fa0b1c67b"
"2021-01-26T05:17:22+01:00","Staking reward","0.26248137","DFI","0.6477305263764","USD","","","37d47b3e-38e0-42c8-865b-2cdb91b365d8"
"2021-01-26T02:15:55+01:00","Staking reward","0.27818215","DFI","0.6971550679365","USD","","","d8a405cb-20ad-4a74-8d4e-d540f7e6930a"
"2021-01-25T23:14:28+01:00","Staking reward","0.29879215","DFI","0.754037845583","USD","","","c111ce64-92b5-47f6-8a8f-154b25d7e719"
"2021-01-25T20:13:06+01:00","Staking reward","0.28893031","DFI","0.755061579123","USD","","","1752279e-12ab-4298-9442-0d228dec4a12"
"2021-01-25T17:11:38+01:00","Staking reward","0.29086327","DFI","0.7733996176646","USD","","","bbcaaf2f-a393-45f5-b960-675eb8aaacae"
"2021-01-25T14:10:07+01:00","Staking reward","0.02456566","DFI","0.0654623251114","USD","","","053f714a-2ad7-4eed-9187-5d5be380eff0"
"2021-01-25T14:06:38+01:00","Staking reward","0.00294779","DFI","0.0078552413141","USD","","","b532c61f-5f4f-4b50-9b53-6213e0d31bb6"
"2021-01-25T13:42:37+01:00","Staking reward","0.27609073","DFI","0.7193875279026","USD","","","9b89a419-8577-4cbd-aebf-cfef84730670"
"2021-01-25T10:40:58+01:00","Staking reward","0.27213189","DFI","0.7055427446085","USD","","","a2d1d13d-f471-4824-ae4c-93674de853ec"
"2021-01-25T07:39:32+01:00","Staking reward","0.29174479","DFI","0.7602635831568","USD","","","9b28262a-66e8-4533-909e-88fe3eb9e7ca"
"2021-01-25T04:38:04+01:00","Staking reward","0.28974867","DFI","0.7428895124997","USD","","","06a6dcad-4626-45d5-bb69-af374aef9bf9"
"2021-01-25T01:36:38+01:00","Staking reward","0.26614979","DFI","0.6737475473934","USD","","","bd0481f5-35cd-4dee-bc9a-374e5a0ef56f"
"2021-01-24T22:35:02+01:00","Staking reward","0.27397819","DFI","0.675027464522","USD","","","45c7588c-a546-4fef-85f2-36f6f5bfbdf8"
"2021-01-24T19:33:40+01:00","Staking reward","0.26805959","DFI","0.6642838311708","USD","","","3d73af66-0ea2-4cee-a1b5-b1c23f9d7ff2"
"2021-01-24T16:32:05+01:00","Staking reward","0.29257424","DFI","0.7296187139696","USD","","","c99404a5-8100-45ea-b082-b3461d046f10"
"2021-01-24T13:44:51+01:00","Staking reward","0.2699637","DFI","0.67490925","USD","","","2e723bf0-b070-458c-8039-245cc3cf9c7a"
"2021-01-24T10:43:23+01:00","Staking reward","0.20711811","DFI","0.5258480271168","USD","","","5b823d1b-8a1a-46c9-ba24-00b3493b57a2"
"2021-01-24T08:32:26+01:00","Staking reward","0.28463297","DFI","0.7176308756125","USD","","","e073e71c-7c24-407b-9fbd-a571c072e5d3"
"2021-01-24T05:31:07+01:00","Staking reward","0.29343192","DFI","0.7413146654112","USD","","","92914fe5-ccfc-4879-9580-7f1c622f75a5"
"2021-01-24T02:29:42+01:00","Staking reward","0.27770127","DFI","0.6911179276617","USD","","","fcfecad0-4d0f-4654-8bae-f350e43c9b22"
"2021-01-23T23:28:20+01:00","Staking reward","0.28748274","DFI","0.722084772195","USD","","","c3f6a1ea-a379-4dc3-83a0-a7f7051befa9"
"2021-01-23T20:26:54+01:00","Staking reward","0.29039498","DFI","0.7271519338698","USD","","","bc352f07-ec1b-4c7e-a05b-9946c416c69b"
"2021-01-23T17:25:32+01:00","Staking reward","0.53456887","DFI","1.3331559592043","USD","","","9d3e70fe-9039-4f31-9ce9-c377747a74f3"
"2021-01-23T14:24:08+01:00","Staking reward","0.141236","DFI","0.34683183284","USD","","","2b33765a-2b3e-4cc1-b9ed-d03b9f858dcc"
"2021-01-23T11:22:47+01:00","Staking reward","0.2196807","DFI","0.55229924787","USD","","","987cdecb-8e03-45fb-bfc3-f6e82c8098f3"
"2021-01-23T08:21:28+01:00","Staking reward","0.29123913","DFI","0.7445790473667","USD","","","394f3e22-a67e-4e89-9c3e-cee0430914b1"
"2021-01-23T05:20:05+01:00","Staking reward","0.27061861","DFI","0.6823783560455","USD","","","baf41c9d-712d-4607-a68a-de05b30fddb1"
"2021-01-23T02:17:17+01:00","Staking reward","0.32254664","DFI","0.8158462457496","USD","","","84b7587a-a9ee-4542-8b15-b4d8f1d2d7f7"
"2021-01-22T23:15:49+01:00","Staking reward","0.65571161","DFI","1.7105352056587","USD","","","7f248f53-f99a-4aca-891b-9d8a3ee3a8a1"
"2021-01-22T17:20:37+01:00","Staking reward","0.19699286","DFI","0.4962624429834","USD","","","e3f1924a-2c86-4913-a8a8-fca8790f5565"
"2021-01-22T14:12:01+01:00","Staking reward","0.26459049","DFI","0.6502020242211","USD","","","39ca38a5-cfaf-4a77-8cc3-9d3e5b9ee4d0"
"2021-01-22T11:10:31+01:00","Staking reward","0.27730321","DFI","0.6564903923861","USD","","","5d1a2b25-2738-492e-bc9e-730882b3899f"
"2021-01-22T08:09:06+01:00","Staking reward","0.30371838","DFI","0.7380356634","USD","","","0bbfc19a-9af6-4a5f-9cc4-1cc534fb8fe4"
"2021-01-22T05:07:38+01:00","Staking reward","0.20180967","DFI","0.4650280044843","USD","","","243fd310-5afd-4e59-aa7d-109621cb5584"
"2021-01-22T02:55:38+01:00","Staking reward","0.28505076","DFI","0.637573034892","USD","","","c7b52a36-fddf-495d-bacd-edf24f42a622"
"2021-01-21T23:53:09+01:00","Staking reward","0.26445506","DFI","0.6024603612872","USD","","","757c265c-dddd-441c-9a1d-5ab969640e2b"
"2021-01-21T20:51:35+01:00","Staking reward","0.28401299","DFI","0.6900862427123","USD","","","3bab994b-34c9-400a-b60a-440e479bbf55"
"2021-01-21T17:50:14+01:00","Staking reward","0.3074804","DFI","0.729318910368","USD","","","92321f08-bd67-4197-a718-98ff6bd27f72"
"2021-01-21T14:48:55+01:00","Staking reward","0.25849245","DFI","0.64545564765","USD","","","1e2e1a36-8df8-4921-87e5-8d86f01e8b8d"
"2021-01-21T11:47:14+01:00","Staking reward","0.13413499","DFI","0.3326547752","USD","","","244e8f65-7aec-4173-912a-22d20ca79ced"
"2021-01-21T10:30:32+01:00","Staking reward","0.28292405","DFI","0.717783973331","USD","","","d7a383ce-4f9f-4d73-a47b-dc3937bf37ba"
"2021-01-21T07:29:07+01:00","Staking reward","0.28484916","DFI","0.7481791066728","USD","","","e4f09f1c-5d95-437c-bf03-06cb914aac9c"
"2021-01-21T04:27:47+01:00","Staking reward","0.26720291","DFI","0.7039834748024","USD","","","f4790fbb-112c-4738-8cb8-45e36270ffa1"
"2021-01-21T01:26:31+01:00","Staking reward","0.26032651","DFI","0.6922758749826","USD","","","96e7197b-590b-44c2-9e15-771824cd2cf1"
"2021-01-20T22:24:50+01:00","Staking reward","0.27497804","DFI","0.7256340501952","USD","","","c303dc16-d18d-4b7d-9290-d27971a48f7d"
"2021-01-20T19:23:29+01:00","Staking reward","0.30136421","DFI","0.7941157888447","USD","","","f851baa3-28a9-43be-ac01-d5cfc1b16fca"
"2021-01-20T16:22:08+01:00","Staking reward","0.27198132","DFI","0.715066088412","USD","","","424577e6-5c1d-408b-8278-77839121cff4"
"2021-01-20T13:20:50+01:00","Staking reward","0.29640431","DFI","0.772814957463","USD","","","40d72c7e-6476-4284-b4b5-0155192e7eb2"
"2021-01-20T10:19:31+01:00","Staking reward","0.28267905","DFI","0.7459815325785","USD","","","7b9b2066-e23f-4436-be38-99d65a5f3690"
"2021-01-20T07:18:08+01:00","Staking reward","0.2533091","DFI","0.667233901037","USD","","","1f7322b6-6fef-4b3b-9d1c-27a2537bce34"
"2021-01-20T04:16:51+01:00","Staking reward","0.28457457","DFI","0.7553690471166","USD","","","80a4e0f5-c4e0-4877-9970-5e3dca81793d"
"2021-01-20T01:15:30+01:00","Staking reward","0.29529973","DFI","0.7836752824659","USD","","","06f1e227-1d4a-48e4-824c-f5f913acc500"
"2021-01-19T22:14:13+01:00","Staking reward","0.27571451","DFI","0.7473352079354","USD","","","cf2fe8a6-81a8-4cbf-8599-bec0a6b6943c"
"2021-01-19T19:12:48+01:00","Staking reward","0.40177695","DFI","1.103343789012","USD","","","1d4d6427-b7ce-4fd3-9664-26af84902e16"
"2021-01-19T16:11:32+01:00","Staking reward","0.15835523","DFI","0.4338933302","USD","","","8ed6a8eb-cab0-4980-bc2a-aaee5e13e583"
"2021-01-19T13:09:36+01:00","Staking reward","0.21014534","DFI","0.5710825701704","USD","","","9155f37d-3cfe-477c-ac26-547baa741ac3"
"2021-01-19T10:37:52+01:00","Staking reward","0.28244169","DFI","0.7634144683179","USD","","","cf7c1310-95f3-473b-a723-54c52de499a3"
"2021-01-19T07:36:38+01:00","Staking reward","0.29706587","DFI","0.7933322297872","USD","","","0ae50150-e54c-4096-ba12-0cc900622f33"
"2021-01-19T04:35:13+01:00","Staking reward","0.20714837","DFI","0.5529701448128","USD","","","26545d49-123d-49f9-bdb8-8f0e6615734f"
"2021-01-19T02:12:28+01:00","Staking reward","0.16023714","DFI","0.4241028431808","USD","","","1221fe01-0325-42a8-a6e5-db34c4337f3f"
"2021-01-19T00:09:45+01:00","Staking reward","0.27550149","DFI","0.7396416052179","USD","","","fe5a2be7-555c-430c-9aeb-c63dcc10af46"
"2021-01-18T21:08:28+01:00","Staking reward","0.28719338","DFI","0.758262321545","USD","","","f3fd8da1-25a5-4d5b-a910-0c210de9b230"
"2021-01-18T18:07:13+01:00","Staking reward","0.32134197","DFI","0.8449205088195","USD","","","64e167de-d5a2-404d-9dce-488f8a7b539e"
"2021-01-18T15:05:45+01:00","Staking reward","0.13771118","DFI","0.3694143716854","USD","","","7cf2bd49-4e78-44a8-9335-13e7552bf1e6"
"2021-01-18T13:20:09+01:00","Staking reward","0.30468559","DFI","0.8104636694","USD","","","ed85f4e4-b322-4256-9a6c-01845335f67a"
"2021-01-18T10:18:32+01:00","Staking reward","0.29488561","DFI","0.776374834008","USD","","","ab5263e2-af52-4b46-92b0-5da4f9e1f870"
"2021-01-18T07:17:15+01:00","Staking reward","0.29485038","DFI","0.7518655204962","USD","","","32209fca-0c45-4577-bd83-c4df95d13b69"
"2021-01-18T04:15:53+01:00","Staking reward","0.27724695","DFI","0.7158488524305","USD","","","caa6bdfe-9745-444a-8542-b3e1f0fd1290"
"2021-01-18T01:14:41+01:00","Staking reward","0.29283491","DFI","0.7610691460427","USD","","","2754eb09-58d5-4d38-b680-1534a37d3549"
"2021-01-17T22:13:20+01:00","Staking reward","0.28499513","DFI","0.7421672178382","USD","","","89db7995-177b-4c36-951a-3c15b0466a84"
"2021-01-17T19:12:02+01:00","Staking reward","0.39802187","DFI","1.0219768742868","USD","","","a48165f5-a0cd-4813-982b-85f96d5652c9"
"2021-01-17T16:10:47+01:00","Staking reward","0.17363418","DFI","0.4352713714494","USD","","","955d4321-0a9b-4792-b880-f36c8e274470"
"2021-01-17T13:09:28+01:00","Staking reward","0.30333716","DFI","0.7781083493456","USD","","","87383a16-cbc3-43db-9554-962fc892ec44"
"2021-01-17T10:08:07+01:00","Staking reward","0.27599619","DFI","0.6826958956983","USD","","","66567ed8-ddc7-4a1b-8011-ae0328ed9cd7"
"2021-01-17T07:06:51+01:00","Staking reward","0.29839145","DFI","0.7786972474925","USD","","","ad92b9a6-3d02-45ee-99af-1ae4f4a4b269"
"2021-01-17T04:05:09+01:00","Staking reward","0.28860843","DFI","0.7589131831908","USD","","","289acda2-6e33-4ff9-9994-16252b1190aa"
"2021-01-17T01:03:54+01:00","Staking reward","0.29442692","DFI","0.7595095713704","USD","","","12c86ba2-1a69-491c-a5fe-0b428ae48ca4"
"2021-01-16T22:02:38+01:00","Staking reward","0.30121621","DFI","0.8147115318354","USD","","","9bf7f72a-334a-4c79-b751-bb0b7d5443ab"
"2021-01-16T19:01:25+01:00","Staking reward","0.35868082","DFI","0.9684059327262","USD","","","5a869434-3314-4980-a3ff-d871159471a3"
"2021-01-16T15:59:43+01:00","Staking reward","0.05555548","DFI","0.151030350154","USD","","","beed0127-0a29-4851-9cad-b0981d75059b"
"2021-01-16T14:34:34+01:00","Staking reward","0.83722456","DFI","2.2989600360408","USD","","","8a833bce-eab4-4b9e-9bfa-55b650b9fdcb"
"2021-01-16T05:43:16+01:00","Staking reward","1.28492515","DFI","3.324461142092","USD","","","386f7307-3233-4844-8d49-d64855cd2e54"
"2021-01-15T16:35:46+01:00","Staking reward","1.14024233","DFI","2.9223726772502","USD","","","e4a44776-d86f-4784-a42d-319a6ee7d6b1"
"2021-01-15T03:19:34+01:00","Staking reward","1.2477227","DFI","3.4873849465","USD","","","ea5483a3-ad88-4d8c-9b8f-fbccd6fdef06"
"2021-01-14T14:26:49+01:00","Staking reward","0.15279305","DFI","0.4039619052425","USD","","","847babd1-7a58-434d-b41c-e7825ae6dade"
"2021-01-14T12:40:12+01:00","Staking reward","0.37170926","DFI","0.966444076","USD","","","a8c453c0-cf42-4c9b-9497-32e71c6343b4"
"2021-01-14T08:43:40+01:00","Staking reward","0.13330073","DFI","0.3490772876656","USD","","","7ce8f258-1d95-4bf2-8fb7-9034edd25a8e"
"2021-01-14T07:17:46+01:00","Staking reward","0.36385181","DFI","0.9059910069","USD","","","ee6e579f-b489-4203-b1f7-ff51fe412745"
"2021-01-14T03:21:30+01:00","Staking reward","0.21790439","DFI","0.5436583787866","USD","","","a294f8e2-7f44-4273-b93f-b5b8cdb3d241"
"2021-01-14T01:02:18+01:00","Staking reward","0.38322422","DFI","0.9560447906028","USD","","","53cc1777-a251-4b0d-b7dc-72e05085b6a9"
"2021-01-13T21:08:29+01:00","Staking reward","0.40553221","DFI","0.96435559538","USD","","","b82093b1-7aa3-44e8-8fac-65067599323c"
"2021-01-13T17:12:08+01:00","Staking reward","0.113778","DFI","0.26278394436","USD","","","2a446c4a-1361-4658-aba5-d26493cdf1f8"
"2021-01-13T16:05:20+01:00","Staking reward","0.19933855","DFI","0.446741611176","USD","","","24771a73-3731-4d58-bb86-dd7945b73463"
"2021-01-13T13:35:54+01:00","Staking reward","0.38208818","DFI","0.8742330393672","USD","","","249770a2-d4fc-4500-96ab-1902af64b397"
"2021-01-13T09:38:29+01:00","Staking reward","0.3655041","DFI","0.800285847114","USD","","","d1b4b81a-5dea-42e6-b875-8fe601943e60"
"2021-01-13T05:43:01+01:00","Staking reward","0.33046605","DFI","0.699081100812","USD","","","85789a06-a2ff-47b4-95f5-d9913de99a7c"
"2021-01-13T01:51:29+01:00","Staking reward","0.37220989","DFI","0.765189091862","USD","","","73239220-8e08-4eab-9026-bcb16859bf94"
"2021-01-12T21:56:14+01:00","Staking reward","0.38090016","DFI","0.7938492594624","USD","","","64ce8f07-7cb8-4f64-b6d3-bb602887000c"
"2021-01-12T18:00:16+01:00","Staking reward","0.36627179","DFI","0.7672185303593","USD","","","29dcaf39-8c8a-4ae1-a389-e36cb37b4056"
"2021-01-12T14:07:30+01:00","Staking reward","0.34776631","DFI","0.7395459241936","USD","","","bee91474-b087-44d0-ada4-580a3cbd5a61"
"2021-01-12T10:15:23+01:00","Staking reward","0.35256989","DFI","0.760810565631","USD","","","2366f679-38ba-4a1b-9610-016c59a86552"
"2021-01-12T06:23:11+01:00","Staking reward","0.36514152","DFI","0.7649787872304","USD","","","0eea2e79-046b-4a74-ad3b-8516cab485c9"
"2021-01-12T02:30:58+01:00","Staking reward","0.36218109","DFI","0.7566288933081","USD","","","b031b206-46b9-4da9-94f6-18be13156c6c"
"2021-01-12T00:05:24+01:00","Deposit","4.9999028","DFI","10.186501970552","USD","c227e8807955786db44df4d0f6a20c4c892cc09b7ec14e1fd9ed5e246654d903","","83a3b64e-f5b9-4817-a852-dd8510f5381a"
"2021-01-11T22:37:37+01:00","Staking reward","0.32945716","DFI","0.65891432","USD","","","d047b3c8-2091-4d1e-98e4-50ce91f290d0"
"2021-01-11T18:46:02+01:00","Staking reward","0.34975667","DFI","0.6775416259906","USD","","","1a872f22-87ca-4732-bffa-3d954ccdda74"
"2021-01-11T15:00:05+01:00","Staking reward","0.36617343","DFI","0.7094353884849","USD","","","4cc4f5ec-035f-4af8-9905-3fb9b2fbb988"
"2021-01-11T11:10:38+01:00","Staking reward","0.01162431","DFI","0.0235602677511","USD","","","fec1dae4-219a-4a6d-9823-46d70453e7e7"
"2021-01-11T11:03:32+01:00","Staking reward","0.34481471","DFI","0.7060874261083","USD","","","3091a68a-099f-4ec0-8a1b-8ea14d68a0b5"
"2021-01-11T07:17:13+01:00","Staking reward","0.3583195","DFI","0.69432286154","USD","","","9b4305f7-c2fa-42c8-b92f-51e61f7b28f1"
"2021-01-11T03:27:16+01:00","Staking reward","0.79871344","DFI","1.6776256965104","USD","","","21669f93-ac22-4cc1-aceb-316264d42265"
"2021-01-11T00:47:13+01:00","Staking reward","0.20038935","DFI","0.449156696877","USD","","","f8e356a5-5bfc-4f1a-a3d4-f9eed1f91808"
"2021-01-10T18:03:12+01:00","Staking reward","0.21489271","DFI","0.4941801694786","USD","","","12a5c676-b339-446e-99fe-a4418305b221"
"2021-01-10T14:17:09+01:00","Staking reward","0.35713522","DFI","0.8142683016","USD","","","1586b1bd-54cf-4649-9a6b-4a4dc501c8f5"
"2021-01-10T10:30:12+01:00","Staking reward","0.33966516","DFI","0.8080022759112","USD","","","6b64353e-87c8-4040-90cd-be04bcda9583"
"2021-01-10T06:43:41+01:00","Staking reward","0.34832607","DFI","0.8116206426642","USD","","","bab88d21-42a7-49bf-b3d9-f0e954f0a691"
"2021-01-10T02:56:43+01:00","Staking reward","0.33764203","DFI","0.7973821708886","USD","","","dafbe70c-a390-4d66-a139-66614fb38228"
"2021-01-09T23:13:12+01:00","Staking reward","0.34243424","DFI","0.8087577636896","USD","","","14fba131-da82-47ea-86ab-eac6688c1f53"
"2021-01-09T19:29:25+01:00","Staking reward","0.36560157","DFI","0.8503197875217","USD","","","7181f2f7-3afe-4fb7-a9bf-3dc1029e9de2"
"2021-01-09T15:42:34+01:00","Staking reward","0.35104499","DFI","0.8314886737639","USD","","","c7f3cba0-cd98-4543-8746-489d6807a005"
"2021-01-09T11:55:41+01:00","Staking reward","0.35486165","DFI","0.799134241334","USD","","","8806964e-c5fa-450b-86f0-35a62c0b279d"
"2021-01-09T08:11:03+01:00","Staking reward","0.31421034","DFI","0.6879384026028","USD","","","7697377c-00dc-4166-9263-cfbf479a1fb1"
"2021-01-09T04:25:48+01:00","Staking reward","0.34510078","DFI","0.773819478994","USD","","","40077fec-7f13-4f5f-be89-cd09b9089007"
"2021-01-09T00:43:08+01:00","Staking reward","0.35278838","DFI","0.7985294423624","USD","","","fd7d1000-c167-4951-b938-22e8b8d37b29"
"2021-01-08T21:02:56+01:00","Staking reward","0.29765749","DFI","0.6735006728983","USD","","","5ff1069e-0bef-44d4-b3d6-f7690779401b"
"2021-01-08T17:19:10+01:00","Staking reward","0.03962288","DFI","0.0898987675168","USD","","","824dce00-5160-4906-8687-382ac41fa040"
"2021-01-08T16:56:17+01:00","Staking reward","0.16137947","DFI","0.364636912465","USD","","","96a8e1b6-30b5-4673-a1f9-1edcfa39cff0"
"2021-01-08T15:09:48+01:00","Staking reward","0.2270717","DFI","0.507900354258","USD","","","69690a74-e45b-4d5c-9983-9c576998848d"
"2021-01-08T12:28:50+01:00","Staking reward","0.32075672","DFI","0.7058604455992","USD","","","143e8e06-9e92-41a3-9c82-9c034f8dc1ca"
"2021-01-08T08:43:28+01:00","Staking reward","0.33810293","DFI","0.6907510480486","USD","","","05ee1e5d-4d6f-4630-a022-147d8b01364d"
"2021-01-08T05:00:24+01:00","Staking reward","0.33129759","DFI","0.6845072026026","USD","","","56919f1e-895c-47fe-87c6-2b27bcd37ef7"
"2021-01-08T01:17:15+01:00","Staking reward","0.33415438","DFI","0.7107363416286","USD","","","5744cea2-1e5a-46e8-80d7-8d328ba5b6ee"
"2021-01-07T21:38:05+01:00","Staking reward","0.33599557","DFI","0.6970362497878","USD","","","32ffcf5f-51b9-44c3-9fdd-a51478ca901e"
"2021-01-07T17:59:41+01:00","Staking reward","0.33884809","DFI","0.7100798919613","USD","","","649f0362-2f34-4d2b-904f-ee7443b32447"
"2021-01-07T14:20:44+01:00","Staking reward","0.32914947","DFI","0.6811978686279","USD","","","54294a3e-ba25-45a7-b608-eff750d1c3d3"
"2021-01-07T10:40:28+01:00","Staking reward","0.02413088","DFI","0.0482873387328","USD","","","915db504-1646-46fc-af15-734d2f5bc132"
"2021-01-07T10:27:13+01:00","Staking reward","0.34652012","DFI","0.7044650083564","USD","","","c6a99ccc-b4cc-487a-80bf-1be64565ecb2"
"2021-01-07T06:48:35+01:00","Staking reward","0.34550664","DFI","0.6933523599528","USD","","","b67bec59-f795-4c37-a8c4-4943599cb083"
"2021-01-07T03:10:46+01:00","Staking reward","0.33195373","DFI","0.6696568986036","USD","","","204c0b8a-d73f-4d5d-af12-15a0b0ec62e9"
"2021-01-06T23:32:39+01:00","Staking reward","0.34638177","DFI","0.687671727981","USD","","","81d0366b-7216-4a54-a362-753388f4b1cf"
"2021-01-06T19:55:09+01:00","Staking reward","0.35501759","DFI","0.6938392775442","USD","","","da58d3ab-3fdb-45a0-9a31-0ef192659a23"
"2021-01-06T16:18:42+01:00","Staking reward","0.2401949","DFI","0.464212673485","USD","","","a867105f-e65d-4f9d-91b5-1be3042eb8b6"
"2021-01-06T13:30:12+01:00","Staking reward","0.22763267","DFI","0.4447396053392","USD","","","413eaf3d-532c-469d-a9db-3411f7da9a71"
"2021-01-06T11:04:15+01:00","Staking reward","0.32404393","DFI","0.6127184650405","USD","","","80c212dc-617a-44bf-a62c-c8a90c08978c"
"2021-01-06T07:25:04+01:00","Staking reward","0.16201057","DFI","0.3114426393452","USD","","","d06e1c9d-3472-43ed-9841-560c5f3838c5"
"2021-01-06T05:36:58+01:00","Staking reward","0.33844139","DFI","0.6436410666742","USD","","","d8d712d0-c544-4a5d-9610-17296a8be597"
"2021-01-06T01:59:56+01:00","Staking reward","0.35285716","DFI","0.654232460356","USD","","","b81d60e7-ab0e-4a6b-bf7d-c20b9a6597e3"
"2021-01-05T22:22:35+01:00","Staking reward","0.3258228","DFI","0.601143066","USD","","","b364e355-f12b-4cad-bea6-62b3305d9059"
"2021-01-05T18:43:08+01:00","Staking reward","0.34505569","DFI","0.6141991282","USD","","","efeca85c-9614-402e-b5ff-e042242eb00a"
"2021-01-05T15:04:47+01:00","Staking reward","0.31706408","DFI","0.54503315352","USD","","","7e8a401e-d874-4fbe-a3cc-711b8384ea8c"
"2021-01-05T11:28:33+01:00","Staking reward","0.32376811","DFI","0.5456949609995","USD","","","c5e2a5e5-769a-4704-b95c-0f0445e3cef1"
"2021-01-05T07:55:02+01:00","Staking reward","0.31505386","DFI","0.524485913435","USD","","","0c265186-d4e8-4145-9e95-237bbcb0c678"
"2021-01-05T04:21:06+01:00","Staking reward","0.33909705","DFI","0.5792828814855","USD","","","a94cd05c-2c7e-412c-9fc9-86838422ee06"
"2021-01-05T00:46:45+01:00","Staking reward","0.34098162","DFI","0.5871737594562","USD","","","89e4f005-6b01-44a6-a4c6-01d47d2d63ac"
"2021-01-04T21:11:44+01:00","Staking reward","0.388116","DFI","0.65611786032","USD","","","7af66aa5-4d1e-4054-9ac4-a1de3ff9d73d"
"2021-01-04T17:34:46+01:00","Staking reward","0.26770734","DFI","0.446201208945","USD","","","cb8f7a45-4254-4107-8ecc-b579d38f759f"
"2021-01-04T14:01:09+01:00","Staking reward","0.16754669","DFI","0.2798029723","USD","","","5c1b7b01-36e6-4c82-a516-16a411e489a6"
"2021-01-04T12:03:27+01:00","Staking reward","0.33408532","DFI","0.5457216885136","USD","","","72564a87-a73b-430c-bcbf-b3f083d7683a"
"2021-01-04T08:29:57+01:00","Staking reward","0.22141917","DFI","0.3732927928947","USD","","","9762de50-b054-4cb0-a186-18d29e5c8faf"
"2021-01-04T06:11:56+01:00","Staking reward","0.34748423","DFI","0.5937324044318","USD","","","99a47a69-557d-4d78-abef-57c90c2c4d64"
"2021-01-04T02:39:48+01:00","Staking reward","0.33396618","DFI","0.5700101363622","USD","","","035642ef-3bef-4684-85e6-b77c05df3203"
"2021-01-03T23:06:09+01:00","Staking reward","0.30890648","DFI","0.5385537353616","USD","","","8038c766-0c36-45aa-b79a-fed7e9133b66"
"2021-01-03T19:32:32+01:00","Staking reward","0.41661906","DFI","0.7053652319142","USD","","","86834be1-4442-4e31-9141-90f06fedb96c"
"2021-01-03T16:03:12+01:00","Staking reward","0.26841741","DFI","0.4595655001833","USD","","","ed086b20-b565-4c6c-9b64-189ad5e0174a"
"2021-01-03T12:30:25+01:00","Staking reward","0.32898275","DFI","0.5691401575","USD","","","242e7dd6-afa3-4b80-a8c2-133dd4885a10"
"2021-01-03T08:58:45+01:00","Staking reward","0.31643653","DFI","0.5617982509967","USD","","","59b633d8-330c-40b1-bb05-a484eb4a250f"
"2021-01-03T05:27:55+01:00","Staking reward","0.33274393","DFI","0.56533193707","USD","","","560df387-eaa7-46d2-afb4-98f76ca44fe4"
"2021-01-03T01:58:37+01:00","Staking reward","0.33943132","DFI","0.5651769079924","USD","","","383ef2d1-e0e6-4368-a045-5e715e02c976"
"2021-01-02T22:49:09+01:00","Referral signup bonus","6.23235464","DFI","10","USD","","","e4b002a6-422e-4087-a3e6-e6baaca56c34"
"2021-01-02T22:44:56+01:00","Withdrawal","-1","DFI","-1.60453","USD","9ec714312af699b814167eeeec6e4089cc518c8c9c9f4e6df9ab6bf83127450e","dUxHcJ922jTXTEWgCMUA5UmkjnoAG8ZJqY","7fa1784a-b502-4ce8-a5d1-9ed1aae1cdc8"
"2021-01-02T22:44:56+01:00","Withdrawal fee","-1","DFI","-1.60453","USD","","","5f0a5758-3cd7-491d-a4d1-475d55fbaa0a"
"2021-01-02T22:39:07+01:00","Unstake fee","-0.00006702","DFI","-0.0001075195553","USD","","","c204cabe-af21-4d73-91f1-48395ee9a9ec"
"2021-01-02T22:39:07+01:00","Unstake fee","-0.00000266","DFI","-0.0000042680498","USD","","","3ca8e58f-75eb-44f7-920b-64dbb5e5dc56"
"2021-01-02T22:39:07+01:00","Unstake fee","-0.00000208","DFI","-0.0000033213771","USD","","","64de3002-ec6a-41e8-b868-f1af2596e081"
"2021-01-02T22:39:06+01:00","Unstake fee","-0.00000456","DFI","-0.0000073006115","USD","","","29df7446-cd26-4f9b-b090-1c893246acc0"
"2021-01-02T22:39:04+01:00","Unstake fee","-0.00013291","DFI","-0.0002132580823","USD","","","8371efa6-a7e1-4311-8cc4-ada96a3f9898"
"2021-01-02T22:39:04+01:00","Unstake fee","-0.0000113","DFI","-0.0000181151437","USD","","","345dbfce-5771-4d2f-8b83-a2794ccdf8b0"
"2021-01-02T22:39:03+01:00","Unstake fee","-0.00000097","DFI","-0.0000015403488","USD","","","c77900de-59c8-47f6-bf08-10be932a3f39"
"2021-01-02T22:39:03+01:00","Unstake fee","-0.00005118","DFI","-0.0000821198454","USD","","","dff15aeb-67f8-42ab-b226-73ea8e47e176"
"2021-01-02T22:39:03+01:00","Unstake fee","-0.00000347","DFI","-0.0000055677191","USD","","","b79ddb78-260b-4154-8424-f9f748aebf5b"
"2021-01-02T22:39:02+01:00","Unstake fee","-0.00236125","DFI","-0.0037886804172","USD","","","5aee218f-f52a-41b4-b15c-122e3ca98217"
"2021-01-02T22:39:02+01:00","Unstake fee","-0.00000251","DFI","-0.000004011325","USD","","","2f83653b-edfd-419d-9803-9a3b327d9796"
"2021-01-02T22:39:02+01:00","Unstake fee","-0.00000251","DFI","-0.000004011325","USD","","","47be3ab8-d7ba-4512-a959-569b4ccc8254"
"2021-01-02T22:39:01+01:00","Unstake fee","-0.00000251","DFI","-0.000004011325","USD","","","0fe6dcf9-72ca-4a6e-8a57-9b0870dbad60"
"2021-01-02T22:39:01+01:00","Unstake fee","-0.00000251","DFI","-0.000004011325","USD","","","e48cdf76-c7db-4a84-a931-c6dc4058b520"
"2021-01-02T22:39:01+01:00","Unstake fee","-0.00000251","DFI","-0.000004011325","USD","","","6ac1304e-acf1-4041-93bb-f35e3cb19004"
"2021-01-02T22:39:00+01:00","Unstake fee","-0.00000251","DFI","-0.000004011325","USD","","","087445f1-f3b5-45df-89ae-a2f234ac2626"
"2021-01-02T22:39:00+01:00","Unstake fee","-0.00000251","DFI","-0.000004011325","USD","","","649e8ac9-dd86-4759-8d5c-eb5092e082f6"
"2021-01-02T22:39:00+01:00","Unstake fee","-0.00000251","DFI","-0.000004011325","USD","","","2ad0fd7b-12f0-452b-9ad0-be078332e805"
"2021-01-02T22:38:59+01:00","Unstake fee","-0.00000251","DFI","-0.000004011325","USD","","","2bfe2cb7-396f-4aed-bfce-04394ab0aca3"
"2021-01-02T22:38:59+01:00","Unstake fee","-0.00001374","DFI","-0.0000220462422","USD","","","5f5326e8-276a-47bd-b4c5-d4d0f25cc5e2"
"2021-01-02T22:38:59+01:00","Unstake fee","-0.00003989","DFI","-0.0000640047017","USD","","","2074a114-a4fd-43fb-b71c-905d69e9cc06"
"2021-01-02T22:38:58+01:00","Unstake fee","-0.00002052","DFI","-0.0000329249556","USD","","","4105c4cf-92bd-4c43-82b4-ada69987f25f"
"2021-01-02T22:38:58+01:00","Unstake fee","-0.00000419","DFI","-0.0000067229807","USD","","","43c5e61e-2b57-46cf-86a5-11818a661cba"
"2021-01-02T22:38:58+01:00","Unstake fee","-0.0000093","DFI","-0.0000149060837","USD","","","9467c7f3-21f3-4e27-8070-1919a2c3b1fa"
"2021-01-02T22:38:57+01:00","Unstake fee","-0.00004216","DFI","-0.0000676469848","USD","","","b33d9941-a1d2-4297-8a99-ef4be4c9d17d"
"2021-01-02T22:38:57+01:00","Unstake fee","-0.00005601","DFI","-0.0000898697253","USD","","","ee5127cb-e1a1-4cae-a289-6280d6ab7448"
"2021-01-02T22:38:57+01:00","Unstake fee","-0.00025423","DFI","-0.0004079036166","USD","","","23e49510-25ce-44c8-a4d4-7942dc88f249"
"2021-01-02T22:27:38+01:00","Staking reward","0.32922467","DFI","0.5282508597551","USD","","","d44b2b85-5a7b-4a85-9571-219bcf77a802"
"2021-01-02T18:56:51+01:00","Staking reward","0.35701107","DFI","0.600099907563","USD","","","b3e9f235-d7d8-4988-a210-43707b86cbe1"
"2021-01-02T15:28:59+01:00","Staking reward","0.29747279","DFI","0.4711017080672","USD","","","b5607b77-7616-464c-a7ed-b02d47528a54"
"2021-01-02T12:00:08+01:00","Staking reward","0.31949974","DFI","0.4968220957","USD","","","47ef2942-a0ac-47b0-8823-3dcf692c7a97"
"2021-01-02T08:30:33+01:00","Staking reward","0.32521569","DFI","0.5050697230407","USD","","","f77d8983-e9fd-46cb-8b69-eef8e9b55d45"
"2021-01-02T05:01:18+01:00","Staking reward","0.31750158","DFI","0.4886539817148","USD","","","a2ed06d1-2812-4234-a77f-342ebace85e4"
"2021-01-02T01:32:02+01:00","Staking reward","0.32129862","DFI","0.5028259143276","USD","","","ccb74f3d-d399-46f7-853a-bb00cbf28d6c"
"2021-01-01T22:04:18+01:00","Staking reward","0.31646406","DFI","0.4884812644536","USD","","","068bd54d-2b13-4035-95e5-9b836eba9d5a"
"2021-01-01T18:35:42+01:00","Staking reward","0.31067251","DFI","0.4795665133364","USD","","","ec84e03b-1a2b-480a-8107-e4655d1ecbdc"
"2021-01-01T15:05:45+01:00","Staking reward","0.32117973","DFI","0.50264627745","USD","","","83c47c76-3469-4e64-8425-7e9b019c93e9"
"2021-01-01T11:35:19+01:00","Staking reward","0.33455608","DFI","0.5235802652","USD","","","a9cc6611-7f57-4919-bbd1-8e4b95e3232b"
"2021-01-01T08:07:00+01:00","Staking reward","0.17253803","DFI","0.2636432859809","USD","","","84bd63bf-d6ae-49eb-9213-0619e35344ae"
"2021-01-01T06:08:40+01:00","Staking reward","0.30094779","DFI","0.4575700483497","USD","","","081ab969-d42d-4fa7-985f-d4e24c5587a5"
"2021-01-01T02:41:41+01:00","Staking reward","0.31145249","DFI","0.4808047814375","USD","","","9da960ba-8d4a-45cf-a8ed-b73379b9c041"
"2020-12-31T23:15:23+01:00","Staking reward","0.30566573","DFI","0.4734731591127","USD","","","feeb07f6-44c4-4dd7-a06d-6c675c894b0e"
"2020-12-31T19:47:02+01:00","Staking reward","0.31999981","DFI","0.4953565058819","USD","","","ea2327e5-985a-4815-879f-7b1c401bacf8"
"2020-12-31T16:19:29+01:00","Staking reward","0.31038236","DFI","0.4671130365056","USD","","","c3e0e036-fbd4-4ef0-b1e4-7c1f43afded3"
"2020-12-31T12:51:22+01:00","Staking reward","0.31896311","DFI","0.489129929185","USD","","","9c652261-9ab2-47ef-9f8e-58529ffc208b"
"2020-12-31T09:25:22+01:00","Staking reward","0.28061839","DFI","0.43187170221","USD","","","e312b5e4-bce6-4654-ac14-574df1de12cc"
"2020-12-31T05:59:29+01:00","Staking reward","0.30644034","DFI","0.4651335344724","USD","","","6c13fee0-7f98-418b-b50e-a7ece8a5e9d4"
"2020-12-31T02:32:59+01:00","Staking reward","0.33416908","DFI","0.5054608087172","USD","","","f0186cb1-3922-4668-80b0-2843b4773886"
"2020-12-30T23:06:26+01:00","Staking reward","0.32551074","DFI","0.5097140126586","USD","","","5e70177c-05f9-4cc8-af71-1e6dfe96e371"
"2020-12-30T19:39:49+01:00","Staking reward","0.29866868","DFI","0.4588924800728","USD","","","9739627d-cd62-4f6e-be13-2ce8c0d4eb69"
"2020-12-30T16:13:36+01:00","Staking reward","0.31777523","DFI","0.4899363163571","USD","","","25358cc6-6098-4885-948e-a9d330362358"
"2020-12-30T12:48:04+01:00","Staking reward","0.3186917","DFI","0.47701773656","USD","","","741170c6-e863-4d25-a92a-f1cf436ad159"
"2020-12-30T09:24:39+01:00","Staking reward","0.29759935","DFI","0.4526337313825","USD","","","d6018182-970d-4900-b269-7e3bab09889c"
"2020-12-30T06:01:23+01:00","Staking reward","0.31478379","DFI","0.4695126141366","USD","","","00f1e03f-b735-47c9-848d-6b7a76323542"
"2020-12-30T02:37:16+01:00","Staking reward","0.318573","DFI","0.47025516249","USD","","","23f461ac-62a7-470f-a776-145a05c78a61"
"2020-12-29T23:13:28+01:00","Staking reward","0.28888378","DFI","0.4188063712172","USD","","","e276a576-692d-4571-9f81-a623cf924341"
"2020-12-29T23:12:33+01:00","Withdrawal fee","-1","DFI","-1.44974","USD","","","fc64bc83-e910-4efe-816d-1238a4f97543"
"2020-12-29T23:12:33+01:00","Withdrawal","-1200.797","DFI","-1740.84344278","USD","534fcb45ae5b6638cf850d179b7dcecbb2aa34f114b35db1f267ce09adc32fb1","dFv3gWug5n1QCAodXDUjdFEKpbQkeD2Dwa","c80cccd0-d3fd-4ec0-8f6d-f1a7634596b8"
"2020-12-29T23:08:01+01:00","Unstake fee","-1.203","DFI","-1.74403722","USD","","","e0344a22-3b87-404d-9c7a-deb507cf3374"
"2020-12-29T19:49:39+01:00","Staking reward","0.41089649","DFI","0.5852028900229","USD","","","a7c5ff05-1004-4245-8e54-ec093eff578b"
"2020-12-29T16:24:14+01:00","Staking reward","0.47719877","DFI","0.6620894334365","USD","","","1d69cd4d-a8f9-4808-94e9-f95e3e282fbe"
"2020-12-29T12:59:15+01:00","Staking reward","0.39385963","DFI","0.5632192709","USD","","","67d741c3-c8b3-498c-94ee-cdcea7761611"
"2020-12-29T09:56:14+01:00","Staking reward","0.45168099","DFI","0.6148642980672","USD","","","ccdb0974-075d-4ef7-9e0a-a6a65a5c85a1"
"2020-12-29T06:34:12+01:00","Staking reward","0.47279031","DFI","0.6264566165562","USD","","","82eb7bb3-9e67-4c43-a563-3ccbc060e052"
"2020-12-29T03:12:01+01:00","Staking reward","0.43604547","DFI","0.5920407368925","USD","","","c8b8f738-57e1-42df-97ce-b47c374399db"
"2020-12-28T23:49:48+01:00","Staking reward","0.43740946","DFI","0.6339506526618","USD","","","6e8d84ed-71ea-4b5a-91b6-01773b11e2e5"
"2020-12-28T20:28:07+01:00","Staking reward","0.49660332","DFI","0.7266647400564","USD","","","b8550f25-bbdc-4894-bd6e-25d3232644c5"
"2020-12-28T17:06:22+01:00","Staking reward","0.46409813","DFI","0.6757361592426","USD","","","658adfc7-b3bd-4069-8730-1b7f0c9ac591"
"2020-12-28T13:44:39+01:00","Staking reward","0.4668608","DFI","0.68626203296","USD","","","56be0f1d-1828-4b4b-81e7-9cc0b7d2a762"
"2020-12-28T10:23:37+01:00","Staking reward","0.46679846","DFI","0.6600390184862","USD","","","5075d1ca-1fd8-4248-8395-8e4d6531b592"
"2020-12-28T07:03:20+01:00","Staking reward","0.46955668","DFI","0.6775327247056","USD","","","5a2be648-c8f1-4841-92c6-ad602a362280"
"2020-12-28T03:42:55+01:00","Staking reward","0.44553297","DFI","0.6505137788376","USD","","","9cce7578-596b-4b7a-b0e8-435691cc4b92"
"2020-12-28T01:22:11+01:00","Deposit","3557.10529445","DFI","5111.631450230539","USD","168eeb3158905f6d8498567549ec39a20cebd1dbc9853eea13a5299c825f40b5","","2355ee70-c100-4647-af32-ccd1b5b57417"
"2020-12-28T00:23:29+01:00","Staking reward","0.01990688","DFI","0.0284751992896","USD","","","4d724ff1-9cb3-48f2-a176-a21d24e50705"
"2020-12-27T21:04:41+01:00","Staking reward","0.02229022","DFI","0.0327512431482","USD","","","d9804f74-8c3c-4e3f-ae04-044d7baee670"
"2020-12-27T17:45:29+01:00","Staking reward","0.0192114","DFI","0.02741947065","USD","","","b738508a-d1ad-4999-8134-8254ad6bdfe2"
"2020-12-27T14:26:24+01:00","Staking reward","0.02033898","DFI","0.0284924703024","USD","","","e72f4ac5-bd9f-4878-ba7e-14351bb4288b"
"2020-12-27T11:06:46+01:00","Staking reward","0.0195833","DFI","0.02819016035","USD","","","13b65a39-f5a6-48b1-8061-a095a0a9d084"
"2020-12-27T07:47:52+01:00","Staking reward","0.02039661","DFI","0.0281648628846","USD","","","d9e6371e-71bd-4276-9457-72ca1785c5d4"
"2020-12-27T04:27:54+01:00","Staking reward","0.01939032","DFI","0.025207416","USD","","","2dae090c-12c1-432f-a4a7-3cae87d4c5e0"
"2020-12-27T01:09:14+01:00","Staking reward","0.01970181","DFI","0.0259744722678","USD","","","0810a23e-f39e-44dd-af77-3288cc9818bb"
"2020-12-26T21:48:52+01:00","Staking reward","0.0206407","DFI","0.02626116261","USD","","","4414848f-d4d2-46bf-83c7-860f88938092"
"2020-12-26T18:27:17+01:00","Staking reward","0.01944584","DFI","0.0237215912992","USD","","","d1814cd7-db64-4b9a-9ddd-becac26047c5"
"2020-12-26T15:06:06+01:00","Staking reward","0.021388","DFI","0.0253896948","USD","","","41323d35-fa64-43f3-bcd8-4a907d8b0293"
"2020-12-26T11:46:01+01:00","Staking reward","0.01994285","DFI","0.022937069499","USD","","","325d1d26-ba75-41a3-85f3-dd8b593f90e1"
"2020-12-26T11:32:16+01:00","Deposit","25.2","DFI","28.984284","USD","3cf033808924866076b7bb89e495ca49b0014b6b3758bc3a74db92525f9ae643","","591177a9-2707-40fa-8d62-ba1d159df323"
"2020-12-26T08:27:30+01:00","Staking reward","0.01706536","DFI","0.01940331432","USD","","","3070e713-bf0a-460d-8a79-f2836e54282a"
"2020-12-26T05:09:00+01:00","Staking reward","0.01594718","DFI","0.0178136379472","USD","","","2b911d56-5ca6-431b-b5e3-51eac82f48b1"
"2020-12-26T01:49:59+01:00","Staking reward","0.01775239","DFI","0.020125884543","USD","","","8aa6598e-77d2-4937-b7af-bfdc0bfb980b"
"2020-12-25T22:31:38+01:00","Staking reward","0.01610291","DFI","0.0175824453708","USD","","","cf4f1678-f171-4967-a9f5-e5a7695f7cce"
"2020-12-25T19:14:11+01:00","Staking reward","0.01695201","DFI","0.0177624855981","USD","","","c3d78ad2-eb95-49ed-a473-02adf46a3d54"
"2020-12-25T15:55:07+01:00","Staking reward","0.01636484","DFI","0.0165240698932","USD","","","23071d8d-3da9-4d0f-a3b6-72627b580816"
"2020-12-25T15:18:52+01:00","Deposit","50.7","DFI","52.526721","USD","226bc11216e8b159ef7f13905061a9c282e7cf1906e1ae1180486299a31f4435","","1b789212-d052-47d8-9fc4-47c9bb8df478"
"2020-12-25T12:36:43+01:00","Staking reward","0.00956761","DFI","0.0097732179389","USD","","","88821807-5721-406d-af72-d3933d4dd0a3"
"2020-12-25T09:19:22+01:00","Staking reward","0.01044846","DFI","0.0100167296328","USD","","","bfe60eda-f04d-48b3-837c-5a19bbe9fa47"
"2020-12-25T06:01:49+01:00","Staking reward","0.01058294","DFI","0.010061201058","USD","","","5b7486b5-e20f-42b3-971d-d851b6d6d5af"
"2020-12-25T02:43:38+01:00","Staking reward","0.00983569","DFI","0.0096412384087","USD","","","3e0f4531-f7b5-4a25-8d08-64462496a071"
"2020-12-24T23:26:24+01:00","Staking reward","0.01037705","DFI","0.0099834484935","USD","","","ae1dc6fa-72d6-4015-8e3f-87f2995f1eb8"
"2020-12-24T20:08:55+01:00","Staking reward","0.01105398","DFI","0.010306730952","USD","","","66994291-e87a-48ce-95f9-68247c42d3f3"
"2020-12-24T16:52:05+01:00","Staking reward","0.01081539","DFI","0.0099048423159","USD","","","50edc59a-74fc-47e2-82fc-d2daf6813a8c"
"2020-12-24T13:33:41+01:00","Staking reward","0.01078012","DFI","0.00969132788","USD","","","f24bf55f-abf7-431b-b012-6c8d1a9a8782"
"2020-12-24T10:16:50+01:00","Staking reward","0.01084656","DFI","0.009625237344","USD","","","b865c8c1-156c-430b-88b2-bcb4c39e3781"
"2020-12-24T07:00:26+01:00","Staking reward","0.01091302","DFI","0.009561442473","USD","","","ac7d5ca4-2c72-4330-a731-9f620c8f8339"
"2020-12-24T03:43:14+01:00","Staking reward","0.01104725","DFI","0.009788084445","USD","","","b780408f-c47a-40c4-b006-e8a4898510cb"
"2020-12-24T00:34:21+01:00","Deposit","16","DFI","14.26352","USD","a7a1a2305d2ef0c727fce6fea40ab09eee115f83fc040fc62e63d25e670dacd5","","286fd574-9098-4f80-85f1-b4fb2467f80d"
"2020-12-24T00:26:49+01:00","Staking reward","0.00926557","DFI","0.0082591437866","USD","","","f7343f4d-c32f-4ee5-a60c-3063e454fbd8"
"2020-12-23T21:08:54+01:00","Staking reward","0.0090975","DFI","0.008150359275","USD","","","41be60f4-ff1d-4b10-8aea-567a5f2a2d2a"
"2020-12-23T17:49:44+01:00","Staking reward","0.00484059","DFI","0.004356531","USD","","","eee392aa-2fee-4110-901e-c30adb8e8419"
"2020-12-23T15:39:54+01:00","Staking reward","0.00837262","DFI","0.0075291622612","USD","","","f8a7a6f9-e84b-4393-8d79-22db88a9431f"
"2020-12-23T12:46:11+01:00","Deposit","29","DFI","25.31294","USD","6a9241ba6a97887b7e4a9a496fea7e553b18035d155daac4fd86270ac4cb5959","","62b56d45-f977-460a-8baa-d6d1901b00fd"
"2020-12-23T12:23:14+01:00","Staking reward","0.00541967","DFI","0.0046894236642","USD","","","b92b24ad-6d87-4e9d-901d-8178370cbeed"
"2020-12-23T09:07:20+01:00","Staking reward","0.00543581","DFI","0.0046912127462","USD","","","ba00a1a2-4ff7-4a0d-b7a4-c68b3cadf498"
"2020-12-23T05:51:56+01:00","Staking reward","0.00427418","DFI","0.0035862079872","USD","","","e3ce43c2-aa3e-4ef2-ae57-40be1cc79208"
"2020-12-23T02:35:24+01:00","Staking reward","0.00524958","DFI","0.0045825683652","USD","","","9196e720-a32d-4d45-9f56-9fe725010b84"
"2020-12-22T23:19:47+01:00","Staking reward","0.0055686","DFI","0.004708975218","USD","","","81cb4564-0621-45f8-a266-407573046be3"
"2020-12-22T20:04:11+01:00","Staking reward","0.00541652","DFI","0.0048115488812","USD","","","c0958b66-2ed5-46a6-b9e5-53f2fee70e07"
"2020-12-22T16:47:30+01:00","Staking reward","0.00506268","DFI","0.0041325138036","USD","","","a25ebad3-db0d-4f87-a009-5a0fafcfc364"
"2020-12-22T14:32:21+01:00","Deposit","7.40308861","DFI","5.922470888","USD","f434f1bb9cfcaeacbe9e44e5c9cc7e89998eed7721f7467551ad3e45f0feae24","","ae6de904-884e-4332-a618-3f2fe4b5a8a0"
"2020-12-22T13:30:24+01:00","Staking reward","0.00085495","DFI","0.0006822501","USD","","","2ba77f61-b0e9-4f64-ad50-5716b1eec02d"
"2020-12-22T12:53:57+01:00","Staking reward","0.00386788","DFI","0.0030355895816","USD","","","a83d42fc-c207-49f9-93c9-26531ee55921"
"2020-12-22T09:38:10+01:00","Staking reward","0.00448395","DFI","0.003448247229","USD","","","5f9ef392-d828-4e8f-a971-3f0bfb7f29da"
"2020-12-22T09:34:00+01:00","Deposit","32","DFI","24.60864","USD","6327b86cb988292e4903cdaa1c73f1568763ae56115f6e8fb9c9c03510746c12","","60790ca4-ac1b-454b-8b38-ddd3e0fc27bf"
"2020-12-22T09:18:01+01:00","Deposit","5","DFI","3.8606","USD","a2b394df93d29a922a5a55a50b1b90e745c05bd2b44ac60641f00b0207b2044d","","5f9ffe04-3a6d-44c1-8d15-e5e0a10521a9"
"2020-12-05T22:21:16+01:00","Withdrawal fee","-1","DFI","-0.432948","USD","","","b2f1334e-380d-43d1-bfbf-7d5a8e1b6e32"
"2020-12-05T22:21:16+01:00","Withdrawal","-1256.51685661","DFI","-544.00646003558628","USD","c96e54a7794482bf028380605895927d2a37cdef7180acec6a46a18b6c9f0828","dZ2vMfbNPXFE8W9gfH2N8FLKoRJLp8dF5u","7e7350ce-7dac-4043-bb64-c29a0d61d4f6"
"2020-12-05T22:16:48+01:00","Unstake fee","-1.003186","DFI","-0.43432736799852","USD","","","064fc0db-1923-4b56-bc0e-d477ba0e514e"
"2020-12-05T22:12:39+01:00","Remove liquidity fee BTC-DFI","-0.254939","DFI","-0.110453341506","USD","","","b6dfa497-a3cf-4a2b-b946-bc3bc033619e"
"2020-12-05T22:12:39+01:00","Remove liquidity BTC-DFI","254.93899159","DFI","110.45333786233386","USD","","","5d312157-4b3c-45e5-a946-2d432d63c083"
"2020-12-05T19:08:01+01:00","Staking reward","0.11434212","DFI","0.05008173421788","USD","","","5d0453e3-56d0-4d0e-8fed-07e5d87b05ed"
"2020-12-05T15:56:20+01:00","Staking reward","0.11584814","DFI","0.05097040124464","USD","","","9c917d38-c19e-48ad-af57-78a952f34c5f"
"2020-12-05T13:00:01+01:00","Liquidity mining reward BTC-DFI","0.09509705","DFI","0.0418263453074","USD","","","dc3e82b6-a99f-4794-a576-0c16aeec2da9"
"2020-12-05T12:45:18+01:00","Staking reward","0.11165754","DFI","0.0492180853443","USD","","","529db72d-2a17-4a81-ab22-daabda6fc05c"
"2020-12-05T09:34:59+01:00","Staking reward","0.11582191","DFI","0.05052858227851","USD","","","b873684e-a1fb-45db-a245-8844cf65c455"
"2020-12-05T06:23:42+01:00","Staking reward","0.11466932","DFI","0.04932592535256","USD","","","64a60ed9-575e-484c-bcd3-fed209d29635"
"2020-12-05T03:12:53+01:00","Staking reward","0.10820282","DFI","0.04682195708168","USD","","","b7ecf73f-1094-4dd7-8ab0-9cde01bccd02"
"2020-12-05T01:00:00+01:00","Liquidity mining reward BTC-DFI","0.12554946","DFI","0.0532241825778","USD","","","53816d96-08af-4902-a0f2-84d5d345f1c1"
"2020-12-05T00:02:29+01:00","Staking reward","0.11806021","DFI","0.04981975577706","USD","","","0a0d5b92-5c38-46d2-bbea-b16aebcae5c8"
"2020-12-04T20:46:28+01:00","Staking reward","0.11690777","DFI","0.04981732349125","USD","","","59bb9b43-1f05-4660-a8c7-8d9f5c0c07a1"
"2020-12-04T17:36:08+01:00","Staking reward","0.11120175","DFI","0.0464625375885","USD","","","7a801731-6791-4415-b784-9cb09f605748"
"2020-12-04T14:25:44+01:00","Staking reward","0.11422497","DFI","0.04743214724244","USD","","","ded9f384-31cf-42ea-a710-a3022a0b3304"
"2020-12-04T13:00:00+01:00","Liquidity mining reward BTC-DFI","0.13052927","DFI","0.05403689878241","USD","","","6afe4953-315d-45bf-84b0-af87f0897cf9"
"2020-12-04T11:15:27+01:00","Staking reward","0.1130738","DFI","0.047350784488","USD","","","e8cd33d8-9768-473f-9836-8912c6e11157"
"2020-12-04T08:00:39+01:00","Staking reward","0.11154338","DFI","0.04564845900472","USD","","","cccce957-8f1e-421a-bcbe-961ee35f5282"
"2020-12-04T04:59:02+01:00","Staking reward","0.1153241","DFI","0.0470697620632","USD","","","1230e502-fdaa-42d2-8fcf-8eebc30a4a01"
"2020-12-04T01:44:36+01:00","Staking reward","0.108484","DFI","0.04448766114","USD","","","03dd5e02-332f-4ddb-83b8-153942c93348"
"2020-12-04T01:00:00+01:00","Liquidity mining reward BTC-DFI","0.15731807","DFI","0.06463759005704","USD","","","39ffb859-e67f-48cd-a506-f223807fbdf4"
"2020-12-03T22:34:23+01:00","Staking reward","0.1168155","DFI","0.0477914405445","USD","","","2e3fd4d9-d7dc-4e38-b57d-4b75fdbed1ae"
"2020-12-03T19:24:47+01:00","Staking reward","0.11680185","DFI","0.047321101509","USD","","","ce7e574b-7896-43ea-b09a-cdb70b9aabb9"
"2020-12-03T16:15:31+01:00","Staking reward","0.11754671","DFI","0.04703208432494","USD","","","02671862-00e7-4dd0-ba32-e28ec36a28b6"
"2020-12-03T13:00:55+01:00","Staking reward","0.06976456","DFI","0.02780096786632","USD","","","5b522257-8589-4ef9-9c19-6da8b9138d78"
"2020-12-03T13:00:11+01:00","Liquidity mining reward BTC-DFI","0.14149932","DFI","0.05638705452204","USD","","","38d730a3-789b-4d1d-88f8-fe7f141e1c80"
"2020-12-03T10:56:15+01:00","Staking reward","0.12053892","DFI","0.047474253642","USD","","","c1b1e93e-f007-4ca0-a727-6e1231b13e73"
"2020-12-03T07:43:30+01:00","Staking reward","0.11370293","DFI","0.04323497061785","USD","","","ec1f1cce-f4c4-4c61-8f33-b38c2d09b4ba"
"2020-12-03T04:34:16+01:00","Staking reward","0.10800598","DFI","0.04144934693862","USD","","","74099feb-a7e0-469a-ad3c-a50a4b2fe58b"
"2020-12-03T01:25:07+01:00","Staking reward","0.1212554","DFI","0.0469613676322","USD","","","d73257c6-d8e4-4f1c-977a-922671a1b12d"
"2020-12-03T01:00:00+01:00","Liquidity mining reward BTC-DFI","0.15228897","DFI","0.05887110857775","USD","","","d12bcfc6-8cff-4c3a-b69a-2b6f1b599f7b"